59.571053,60.27501,49.092766,-38.74611,-0.6864122,-54.736767
60.311695,61.040783,49.93633,-38.016373,-0.82362705,-54.3421
59.027443,60.30711,50.548588,-37.236465,-2.0469453,-52.470654
57.549473,59.120625,50.80737,-37.283516,-2.720704,-51.366066
50.66904,59.003128,55.91279,4.794548,-26.081106,-0.74502224
59.6022,66.563805,62.504036,6.5399623,-28.130262,-1.6560678
75.75743,84.69767,79.28702,17.637602,-39.755836,0.7611468
85.96046,101.50228,96.52299,32.88514,-57.16609,6.5264206
86.883865,101.05445,95.59269,31.753908,-56.6291,7.073125
84.11996,99.524666,93.72291,30.476006,-57.24211,8.715497
80.61886,99.210976,92.174416,32.253357,-59.92933,10.740508
76.219154,98.09026,88.55211,33.109203,-60.138733,10.809135
73.901474,98.47741,87.21015,36.989285,-61.266937,11.051871
75.3487,101.66531,89.41638,40.192738,-63.222515,10.541479
74.83547,100.78302,88.47109,40.606678,-61.63443,9.76984
64.66348,88.0843,79.14603,35.990746,-55.155594,9.30975
65.53521,86.94824,77.4563,41.36461,-54.546074,10.976887
67.34675,89.19656,79.93491,43.124584,-56.478752,11.684206
67.077866,91.719604,83.293755,54.468994,-64.1143,15.901284
69.719284,96.72205,87.908455,54.052834,-68.143776,15.619886
65.57379,92.753265,84.081505,54.74036,-67.33249,15.944907
67.556564,95.123886,84.843994,54.966774,-67.21222,15.708466
75.47327,108.08867,96.6252,65.51498,-77.359634,19.424603
72.46874,106.56832,98.196785,61.896523,-77.45384,19.165066
70.26118,102.03431,94.9822,67.555595,-76.9053,21.164698
68.296295,101.20212,97.55287,61.65843,-77.536385,19.677473
65.58112,97.62855,95.73862,62.408665,-77.72355,19.947632
62.305542,92.81409,91.50888,59.795815,-75.09955,19.042467
58.961864,87.978424,85.295044,56.38749,-70.14894,17.900618
56.554123,86.24103,82.856705,55.656113,-68.87061,18.132605
54.313812,85.00417,80.93278,55.032207,-67.97662,18.309034
51.272152,82.073074,78.07922,53.503574,-66.01633,17.713247
49.811584,79.81227,76.28647,50.092762,-63.52545,16.411715
50.225533,79.54796,76.25738,50.021664,-63.274677,16.266996
49.536186,77.989914,75.113434,49.90816,-62.619133,16.343735
50.710304,78.62134,75.85673,49.09119,-62.33096,16.069012
51.651497,79.39909,76.574066,49.332188,-62.4755,16.022219
53.515038,82.20399,79.194565,50.269703,-64.26684,16.300997
53.259132,82.67924,79.41082,49.695686,-64.300804,16.054977
57.228535,87.35431,83.21556,53.775555,-67.35856,17.057024
58.71826,88.07083,83.9097,53.143093,-66.94852,16.60458
60.964508,90.6766,86.570564,56.553017,-69.62387,17.80592
60.34,90.48338,86.82984,56.68094,-70.50889,18.127012
62.012875,92.61221,89.823715,58.69712,-73.5991,18.905554
63.595238,93.80094,91.082,60.622402,-74.993416,19.355364
62.026466,91.73155,88.35784,57.61198,-71.84022,18.082575
61.80475,93.1562,89.78542,58.93406,-73.37113,18.831867
62.463947,95.02271,90.67148,60.75059,-74.59874,19.49537
60.701202,94.21976,88.264565,57.42312,-71.84729,18.441496
60.201992,95.267975,88.81373,57.19215,-72.55686,18.56311
62.044537,96.73178,90.30668,59.718582,-74.00421,19.162323
62.08311,94.64813,88.389206,57.582554,-71.77984,18.02328
63.468132,95.17073,89.43978,57.60344,-72.67669,17.882019
66.320404,98.86317,93.800224,60.27678,-76.66499,18.92194
66.71058,98.863464,93.55805,59.46874,-76.2599,18.550972
64.852356,96.689255,91.4307,57.753307,-74.22118,17.963623
67.863365,100.67339,95.78786,61.691563,-78.04942,19.768936
72.114655,105.50174,100.631195,64.808365,-81.45617,20.818989
71.90235,104.179665,99.03104,63.904556,-79.54014,19.755493
70.61781,102.82801,97.10828,62.35262,-77.39305,18.658281
70.38166,103.036995,97.038925,62.347404,-76.50786,18.779116
72.71764,107.32641,102.18568,65.24302,-80.162094,20.65839
70.91729,106.954254,103.098045,67.00425,-82.36475,22.224272
67.35636,101.459625,98.21164,65.64828,-79.53345,21.61536
67.224815,99.44455,96.510635,63.59402,-78.390854,19.992037
70.46218,101.950424,99.149216,65.492546,-81.38033,19.932598
71.59472,101.99525,99.172134,65.47553,-82.56006,19.422606
68.985825,97.20052,94.350235,63.349346,-79.873634,18.838453
65.62029,93.08017,91.44419,62.70015,-78.85314,19.538527
66.391075,93.22448,92.70602,63.907448,-80.01705,20.497437
66.86396,93.26276,93.61076,63.414368,-79.91561,20.385292
63.560123,89.33881,89.65693,60.138935,-75.75762,18.74091
61.522125,88.141075,87.51912,60.212193,-73.978165,18.304644
60.0854,88.47183,87.335,61.730083,-74.84426,19.168032
57.851894,87.775925,86.581406,58.108524,-74.20537,18.589434
53.39631,82.99217,81.691536,56.267635,-71.22643,17.811426
50.970486,77.79026,75.271645,56.953205,-67.18579,17.58698
49.832928,74.25717,71.17968,53.959404,-63.538177,16.782553
54.98183,80.4205,77.3911,59.897545,-69.75927,19.21345
52.029964,78.55162,77.73706,56.136166,-69.98244,18.782396
49.13644,75.818245,76.08443,53.83808,-68.69965,17.918892
46.51284,71.826,72.76726,53.32742,-66.24762,17.45969
47.919254,70.78546,71.570694,53.652687,-64.09929,17.237478
48.7424,71.46713,72.334785,53.878044,-63.656197,17.326206
45.73421,68.50587,70.63821,49.67598,-61.00834,16.279535
43.869366,67.36279,70.47085,50.866276,-61.805405,17.00967
43.969368,67.73881,71.2299,52.11978,-63.267986,17.350607
45.721577,68.35959,70.597626,51.045975,-62.10929,16.19439
46.936832,68.83816,69.740395,48.863327,-60.524315,15.276652
46.887787,69.02397,69.16788,48.69431,-60.48866,15.719287
48.04695,71.53563,71.50526,53.13707,-64.16015,17.957346
52.443714,76.010185,74.30176,59.462173,-67.364456,19.68766
52.51606,77.082756,74.526276,54.35748,-65.16562,17.663443
53.764885,81.245804,78.645805,55.00401,-67.93109,17.416296
54.2521,82.79759,80.90114,57.048534,-69.85826,17.912327
52.623146,79.97678,78.73838,57.68363,-68.815994,18.308897
53.64066,79.47494,78.14563,59.199245,-68.53263,18.387234
55.91263,80.72915,78.79255,57.210503,-67.72143,17.252298
54.484783,80.25638,79.75008,53.714783,-67.981125,16.812843
54.908756,81.442856,82.19682,57.08784,-71.50979,18.569963
55.50134,80.22308,81.23717,57.38407,-70.21152,18.524588
56.923767,79.87137,79.95079,56.956318,-68.004425,17.83812
58.837475,82.02773,81.85522,58.857662,-69.05209,18.274033
59.329082,83.83056,83.5998,58.931385,-70.01267,18.38232
56.733097,83.86889,84.05425,58.416965,-71.79614,18.575056
55.72201,84.14397,83.57414,58.05749,-72.26796,18.471476
55.670288,83.09796,80.79487,58.80623,-70.57095,18.344913
55.870514,82.20336,77.77692,57.758724,-68.27322,17.834608
53.952435,79.86761,75.93441,57.56381,-67.64056,18.144865
49.18077,74.865715,73.2295,55.364346,-66.43256,18.19643
48.089554,74.15229,73.52291,54.676373,-66.91965,18.311478
46.887325,72.689316,73.38922,52.788467,-65.97619,17.571983
45.550777,69.46385,70.45109,51.737835,-62.7898,16.595222
46.141113,68.891945,69.80236,51.641556,-61.060577,16.226036
45.245384,68.53189,68.64467,51.974762,-60.62583,16.664156
43.83052,68.13599,67.448044,52.144802,-60.853825,17.073078
43.380753,68.18677,66.25599,50.898453,-60.126617,16.782171
44.309166,69.403595,66.632195,50.998867,-60.764496,16.763195
45.1291,69.216095,65.90113,53.173737,-60.9861,17.2482
46.78057,70.12856,66.22071,53.673634,-61.152184,17.09673
48.296124,72.38573,69.12237,54.114605,-62.9188,17.298994
48.979404,74.0744,72.453316,54.604675,-64.36477,17.555536
47.955166,72.57681,72.29212,55.278618,-63.745007,17.896713
49.56749,73.67968,73.51669,58.066494,-64.80993,18.57418
51.5031,74.9593,73.45933,57.12301,-64.020805,17.580797
50.73607,75.31117,72.896385,56.245537,-64.858475,17.694386
49.55432,75.89583,73.321144,56.285595,-66.96588,18.403912
49.941727,76.25012,73.103035,55.760128,-66.91727,18.16153
49.556656,74.3603,70.78597,54.80389,-64.60582,17.478638
51.810177,75.60167,71.635796,57.812256,-65.25107,18.053814
50.851562,75.33392,72.461845,55.81379,-64.922554,17.531073
49.307476,74.97192,73.69571,54.43526,-65.24092,17.446941
49.816883,75.54628,74.40482,56.648884,-65.86987,18.197073
49.432316,74.20829,72.31716,54.833874,-63.42118,17.498056
50.702282,75.67223,72.881836,56.16722,-64.22246,17.786116
51.273994,76.83654,73.807816,57.377964,-65.915016,18.209505
52.806942,77.67682,74.57003,56.682785,-66.38726,17.713388
51.964386,76.78985,74.91563,56.005352,-66.831505,17.656796
53.60409,78.474625,76.68,57.366318,-67.34911,18.000753
53.455414,77.49212,76.119965,58.525036,-66.17591,18.34352
53.913452,78.11889,76.88458,60.257957,-66.712875,19.023346
54.345802,79.301506,77.59569,57.71267,-66.45039,18.02094
54.02145,79.585526,76.98275,57.61951,-67.411476,17.764933
51.047974,75.68207,72.85516,57.610085,-66.18849,18.195444
51.14614,75.88734,72.521614,58.477386,-67.11255,18.919102
50.908077,75.36238,73.015785,59.369278,-68.12716,19.404533
50.181,73.384346,71.55931,57.62572,-65.71606,18.280434
49.174995,71.75972,71.076324,56.047478,-63.993237,17.5409
47.909172,71.0532,71.878044,56.569523,-64.27449,18.110466
44.791557,67.665276,69.18312,55.688732,-62.10963,18.27568
44.45194,66.55524,67.56647,54.77812,-60.63929,17.948696
45.73518,67.92606,67.867256,53.402966,-60.746067,17.291306
44.765213,66.79227,66.31692,53.097706,-60.58934,17.180252
42.64466,64.371735,63.751717,52.57625,-59.6186,17.146849
42.951313,65.01864,64.1012,53.14161,-60.418568,17.519289
43.383102,66.13865,64.87867,53.06168,-60.73107,17.498554
41.55591,63.89311,62.4348,50.938248,-57.960217,16.663925
42.935947,65.973,64.105286,51.35138,-58.574844,16.879753
45.16623,68.73791,66.76013,54.419144,-60.611362,18.061127
44.366013,67.30524,65.44071,54.092823,-59.22581,17.689749
44.26809,66.73676,64.49013,52.91944,-58.413754,16.659475
45.664406,67.53599,65.56957,52.84292,-59.30728,16.232428
46.994896,68.670654,67.9656,54.279453,-61.81669,16.812733
46.071877,67.43701,67.4455,54.552227,-62.10715,17.521772
43.081696,63.79553,64.227036,52.54699,-59.545204,17.506187
43.083206,63.506832,64.20692,53.132748,-59.340786,18.00816
42.639874,62.029125,62.978165,55.238987,-59.286633,19.022404
40.81143,59.67655,60.871258,50.93093,-57.015224,17.54265
39.938435,58.967842,60.458096,50.71698,-57.70834,17.512363
40.14015,58.318504,59.491657,55.309097,-59.20223,19.01219
37.13252,54.341934,55.018604,48.812843,-53.885296,16.733982
38.16818,56.724087,57.450573,49.636417,-55.9358,17.178165
36.401768,55.401463,56.498917,50.001423,-55.894043,17.649862
34.837982,52.679043,53.667336,47.839104,-52.75514,16.842855
34.943695,53.04966,54.62162,47.452923,-52.96363,16.704996
35.064983,53.08202,54.535942,46.62647,-52.49548,16.265724
36.983944,54.640102,55.40918,48.31164,-53.348015,16.6241
37.363853,54.45748,55.09217,48.159637,-53.031376,16.56002
38.645527,56.400696,56.397526,48.589912,-54.152523,16.670145
40.379528,58.445667,58.133236,50.55568,-56.17433,17.229797
41.584595,60.501995,59.84071,50.604755,-57.066715,17.028034
41.7188,61.137028,60.753075,51.314903,-57.483044,17.197647
42.003857,61.50702,61.928303,52.917183,-58.227894,17.825918
42.867435,61.82719,63.02251,52.963554,-58.22634,17.772434
42.872707,61.438255,62.869396,53.45737,-58.306786,18.006002
42.18477,60.924465,62.15614,54.23272,-58.513103,18.433174
40.68686,59.87649,61.1721,53.401,-58.43107,18.391075
40.24861,59.439854,60.63624,52.929287,-58.337963,18.083221
39.00577,57.498093,58.811287,53.292976,-57.68524,18.194227
37.46057,55.511826,56.728455,51.348362,-55.861626,17.603354
37.059372,55.497368,56.629917,50.481728,-55.650326,17.55174
34.989887,53.23084,54.889687,49.52924,-54.295166,17.572454
34.888935,52.80351,53.730347,49.037663,-53.25989,17.36597
36.35665,54.24232,54.58788,49.61815,-53.54031,17.291548
35.379654,53.04473,53.9409,48.68207,-52.75396,16.810413
36.207592,53.953323,55.147755,49.759274,-54.00495,17.064753
37.721306,55.20763,56.719677,49.90852,-55.013977,17.097435
38.491894,55.44369,57.22268,49.27703,-54.800938,16.958668
38.3375,54.867916,56.90574,50.089283,-54.957333,17.505966
39.243717,55.58287,57.501858,52.118893,-55.916424,18.159758
40.749786,57.67013,59.51011,52.10171,-56.995518,17.869812
38.237545,55.795116,57.399017,45.441963,-53.71405,15.432296
40.511456,59.579945,60.473858,52.529476,-58.934956,17.935524
38.15313,55.68577,55.472935,52.92401,-55.76633,18.157658
38.6203,56.54288,54.896088,49.415154,-53.200897,16.831486
40.47546,61.39774,60.1402,53.547874,-59.10278,18.692513
40.450165,60.568733,59.49434,54.036076,-58.754765,18.60522
39.942425,58.811485,58.646973,52.603073,-57.31225,17.808441
40.655235,59.175182,60.198654,54.090214,-58.732254,18.304972
41.663723,59.9851,61.40951,54.118027,-58.894314,18.289085
41.756287,60.488228,61.408794,54.339684,-58.86692,18.47188
41.825027,61.087624,61.70773,54.923454,-59.56082,18.828476
43.12781,62.829628,62.71531,55.08713,-60.33625,18.699919
43.402164,63.289055,62.602665,54.285114,-59.982716,18.302225
43.23176,63.06064,62.51799,54.346848,-60.018158,18.393154
44.19925,64.01849,63.39999,56.60189,-61.44532,19.194391
44.71789,64.05256,63.288334,57.581966,-61.86543,19.541496
45.583862,64.59612,63.559525,56.9079,-61.54875,19.10579
44.977924,64.499626,63.745094,57.52413,-62.53299,19.574852
44.79644,64.83448,63.905346,57.70629,-63.151234,19.764902
44.868855,64.58253,63.578335,57.922535,-62.697582,19.744448
44.41737,63.803535,63.308414,57.19106,-61.84235,19.459812
43.257835,62.326153,63.376774,58.008045,-62.329178,20.060535
42.349495,60.341564,62.235405,58.763298,-61.998615,20.375673
42.941734,59.890797,62.06923,56.81753,-60.990402,19.440008
42.59267,59.610832,62.391163,56.862423,-61.897957,19.578293
39.678505,56.03885,59.62861,56.084873,-60.721375,19.589846
41.5944,57.07824,59.99013,56.18679,-60.22958,19.286411
43.70962,59.88302,61.72568,55.283073,-60.34147,18.716173
39.046616,56.393143,57.58354,46.4839,-55.004906,16.068848
40.26407,59.450333,60.929886,56.49492,-61.89541,20.110594
39.195724,57.937054,57.82705,53.920227,-58.34601,18.870523
43.190243,62.432205,60.283318,51.8201,-57.26057,17.13261
47.50374,68.60656,67.1114,57.44696,-63.667736,18.807333
47.490765,67.503746,67.11347,59.017376,-64.35746,19.514963
51.21963,70.61179,70.33677,61.51342,-66.806,20.299845
56.204025,75.424576,74.80727,63.072292,-69.285416,20.573944
57.9074,76.75638,75.52957,60.391808,-68.13624,19.591908
56.657013,76.772934,76.22734,61.999325,-70.740776,21.14162
56.36727,78.017876,77.85705,65.4111,-74.62158,22.880194
58.667572,80.47657,79.712456,66.63732,-75.74423,22.67454
59.03608,80.8052,78.4704,64.637726,-73.35601,20.748486
57.790764,81.33043,78.087814,64.949196,-72.74313,20.699125
57.616604,82.65691,80.759254,69.09013,-75.828964,22.861834
57.086113,80.99484,79.31666,69.71914,-74.21939,22.945303
56.33307,78.32681,76.854996,67.22456,-70.897285,21.55605
56.75935,77.66169,75.970604,64.79113,-69.44637,20.691883
57.783173,79.731415,79.10169,67.18138,-73.30741,22.44751
55.705235,78.37767,78.16849,66.49174,-74.060684,22.993496
53.595043,76.88785,75.937775,63.597416,-72.48893,22.08856
54.522568,77.893036,74.845314,63.190205,-71.553535,21.305239
55.283707,78.614586,74.97941,64.97449,-72.55494,21.583263
54.16068,76.986725,74.031395,66.264885,-72.35049,21.864828
54.17783,75.97661,73.54967,64.74697,-70.29082,20.989532
56.640427,78.31115,76.55214,63.745205,-70.83886,20.547024
56.44167,79.75287,78.69959,65.72821,-73.86941,22.081535
53.906075,77.22601,76.553734,65.73683,-73.11323,22.599606
54.02818,76.28068,74.89809,63.890694,-70.59034,21.362883
58.140892,80.288765,78.12997,65.82049,-72.24307,21.397894
60.74556,83.594955,80.89499,67.199,-74.435356,21.64233
59.103325,81.36852,78.798355,66.57596,-73.29168,21.546131
56.441975,78.88895,76.81202,65.55077,-72.678116,21.69473
56.879326,79.66889,78.198906,67.52759,-75.14284,23.008392
62.23981,86.07255,83.95048,68.82352,-78.48851,23.1138
61.57443,84.12933,81.59032,65.73632,-75.27109,21.24354
59.24781,82.202835,79.814095,66.86816,-75.22953,21.822264
55.65323,78.13425,75.97075,66.646645,-73.55327,21.934235
55.8842,78.52053,76.4333,67.497086,-74.62329,22.130796
59.265175,82.56955,80.41518,67.4522,-77.554115,21.701109
61.935783,84.37706,81.65223,65.53533,-77.147545,20.71752
59.95444,80.99187,78.613815,65.18702,-75.10349,21.132742
59.210117,79.740204,77.802925,67.49214,-75.73271,22.684008
61.66915,81.94343,80.067375,70.0148,-77.764626,23.60719
62.756905,83.41834,81.992905,69.46058,-77.83358,22.907343
60.181877,80.72902,79.99592,65.98454,-74.58825,21.045834
59.723755,80.75842,80.5016,65.214455,-74.371796,20.751707
61.607357,83.13694,83.02864,67.44495,-76.76565,22.012863
60.20714,82.06243,82.60082,70.83244,-78.89482,23.964716
59.01608,80.3963,80.265144,70.56956,-77.665184,23.739408
60.95189,81.896286,79.77272,68.60029,-76.00335,22.353292
62.802814,83.829636,80.60915,66.74574,-75.72689,21.042845
63.099716,84.72163,81.98557,66.628204,-77.100845,21.171944
58.79921,81.21549,80.256744,70.134544,-79.52673,23.817806
57.347015,79.643875,78.65474,71.454124,-79.72997,24.666948
59.056282,80.93766,79.122665,70.46211,-78.8385,23.831377
64.07264,84.65329,81.41164,67.02199,-76.288155,21.209772
65.41943,85.81006,82.95827,65.98653,-75.833626,20.520266
62.26224,82.85756,81.53411,68.17102,-77.20703,22.149046
57.20663,78.83744,79.460144,71.24483,-79.36251,24.41382
57.291916,79.82148,80.84845,72.29876,-80.78775,24.935665
59.40033,82.55603,83.05581,70.72,-80.35853,23.764765
62.69071,84.04327,83.75683,66.21345,-76.45624,20.743065
64.44772,85.146355,83.90992,65.37357,-75.0112,19.840878
62.29827,83.60432,81.88802,66.81745,-75.04796,20.845812
61.249977,84.37782,83.446144,72.106804,-79.48968,23.913033
62.5631,86.76328,86.564575,73.55423,-82.29784,24.8673
64.181046,86.69537,86.190445,72.0055,-80.41612,23.842344
66.16701,86.26505,86.083435,67.875206,-77.49613,21.526455
67.227165,86.427956,86.8845,67.10611,-77.58978,21.178099
66.919785,87.0962,88.33064,68.65439,-80.204796,22.427334
64.30994,85.893875,87.90988,72.59827,-83.738625,24.916147
62.99937,84.68431,86.46231,73.43554,-83.989655,25.3543
65.63151,86.5004,86.49244,71.35423,-81.757126,23.636696
68.64032,89.509865,87.80531,70.59142,-80.900185,22.251717
69.201454,91.67762,88.78765,72.10096,-81.980354,22.558285
67.20329,90.7305,86.85321,72.84411,-81.70401,23.080969
63.955353,89.57585,86.158646,71.63402,-81.591286,23.418999
61.881317,87.937294,85.76892,70.59828,-81.528404,23.491478
64.79008,90.1675,88.34433,70.82314,-81.65857,23.04275
63.228413,86.76597,85.35443,67.81758,-78.03783,21.65307
64.838425,85.17137,83.29817,71.16675,-76.930244,22.489523
68.8385,89.06645,88.35933,74.51029,-81.6895,23.923088
66.866,87.24053,88.710434,72.1966,-82.92763,23.502888
63.85768,82.64503,84.87131,68.625336,-79.46642,22.175266
66.5971,85.3207,87.09302,68.36159,-80.11116,21.796856
64.1913,85.17941,86.068405,69.42858,-81.21145,23.088802
64.25394,84.563416,83.89938,71.81183,-80.5711,24.145126
66.32727,86.636536,84.89354,72.147316,-81.42454,24.043242
66.386154,85.7956,83.759,70.221344,-80.74432,23.050863
65.52737,85.03531,82.8817,70.62145,-82.10808,23.261408
64.273964,83.68496,80.97459,71.06723,-82.10658,23.64568
63.860027,83.64526,81.29463,70.73579,-82.49656,23.743597
65.154526,84.771515,82.92698,69.229996,-81.73769,23.04142
62.62648,81.95609,82.146675,69.037674,-79.72729,23.142004
61.37473,81.289085,82.55485,70.36426,-79.85536,23.760656
61.423954,81.61712,83.201515,70.07655,-79.67205,23.588114
59.673523,79.416245,80.938805,67.606255,-77.41463,22.622393
61.216354,80.73263,82.37876,68.3021,-78.61235,22.726002
58.507324,78.02991,79.65437,68.370285,-78.26678,23.12803
57.800697,76.26805,78.09868,67.74367,-77.24246,22.887083
58.209267,75.636345,76.78403,67.51545,-76.78059,22.762514
59.946445,77.506096,77.45419,67.54985,-77.370605,22.707699
56.9601,75.501656,74.42912,66.57949,-76.12555,22.761793
54.67427,74.81802,73.0876,67.278336,-76.35553,23.26072
53.21617,73.92502,72.16786,65.548386,-75.13832,22.629066
54.814266,74.41978,72.88393,65.08221,-74.20171,21.985043
52.66492,70.973045,70.387085,64.42092,-72.20175,21.863379
52.4404,69.70266,69.888466,65.225494,-72.44138,22.459011
54.3476,71.766205,72.80801,65.69182,-74.7338,22.759575
54.666897,71.522736,72.43278,62.087208,-72.16994,21.349258
53.33474,71.28039,72.53483,61.40266,-72.00542,21.174084
53.728195,72.39587,74.31897,63.455887,-73.770325,21.86493
54.016117,72.538155,74.07805,64.3531,-73.213486,21.81251
55.16505,73.13341,73.7705,64.1623,-71.803734,21.196808
55.807922,73.957855,73.43102,64.37985,-71.914474,21.08554
57.216526,76.31196,74.62346,65.33996,-74.113495,21.740362
56.123608,76.27033,74.70958,65.56602,-76.36353,22.599455
56.93672,75.95606,74.62672,65.44422,-76.53332,22.514257
59.91097,77.20082,75.93881,64.24122,-75.473526,21.342398
61.654007,79.45404,78.41228,64.90591,-76.68049,21.58153
60.332867,79.756935,79.64233,67.922714,-78.86639,23.404047
58.88158,78.79084,79.126724,68.2915,-77.68012,23.62645
61.160835,80.747314,79.974365,67.23947,-76.07092,22.281857
63.781822,83.63237,81.5608,65.840416,-75.671745,20.891405
63.52736,84.317116,82.52128,66.2171,-77.54553,21.32477
60.1245,81.18406,80.534096,66.5013,-78.20086,22.36657
60.144302,80.61005,79.91132,66.55483,-78.07747,22.574366
62.468426,82.54138,81.21552,66.82257,-78.63176,22.317394
66.840904,85.18752,82.5162,66.512764,-77.937195,21.280886
67.23354,83.915245,81.1467,65.89216,-76.17407,20.944834
64.73883,80.7476,79.760025,66.866554,-76.2853,22.12227
59.96786,77.75868,78.562096,68.1003,-78.32098,23.55402
59.702545,78.64708,80.50507,68.55692,-80.373184,23.766056
60.505573,79.38001,81.272354,66.1864,-79.5232,22.247763
62.15058,79.53164,80.91351,64.542625,-77.01324,20.636692
61.601242,78.620926,78.91333,64.897026,-74.89505,20.647785
60.106556,76.224754,75.45658,64.27894,-71.97538,20.375246
60.49019,75.76669,74.20808,64.924515,-71.67963,20.588264
61.788593,76.89627,75.03691,64.9016,-72.728386,20.657402
59.6015,75.57441,74.39134,62.910824,-73.6636,20.429447
57.8418,74.39498,74.05603,62.069294,-74.36887,20.335722
57.266148,73.26334,72.46061,62.048912,-73.350746,20.079048
58.813038,73.25076,71.93528,63.236164,-72.004814,19.85137
58.700058,72.552055,71.192696,64.02305,-70.95383,19.99245
57.255684,72.202614,70.606285,63.361866,-70.90352,20.187197
55.40709,71.87283,70.548195,61.624985,-71.38078,20.201393
56.04567,73.14472,72.187546,61.281506,-72.39823,20.207556
54.00759,70.31563,70.233955,60.9003,-70.31635,19.873152
53.6673,68.82306,69.27691,61.718246,-69.161026,19.905117
54.03905,67.85408,69.31545,62.368958,-68.79336,19.948341
52.471874,65.93952,67.97251,60.677723,-67.547455,19.418175
51.05232,64.71363,67.72504,58.990185,-67.39374,19.168718
50.5706,64.20965,67.522354,58.75115,-67.71614,19.506275
49.639954,62.937885,65.81494,59.078674,-67.07421,19.942863
47.788853,60.314655,63.15676,57.2378,-64.575775,19.270296
47.07494,59.34193,61.822514,57.522476,-64.30338,19.330969
46.632336,59.015083,60.49618,57.09614,-63.94693,19.002848
44.98733,57.929214,58.369694,55.87866,-62.72688,18.512383
44.436176,58.14172,57.60556,55.67855,-62.16378,18.443012
42.7528,57.543724,56.31258,54.134907,-60.889343,18.254683
41.150063,56.40655,54.764347,54.221443,-59.99277,18.542694
41.137054,55.717026,54.4515,56.44273,-60.544186,19.323818
40.53656,53.65504,53.035988,54.096745,-58.04628,18.16364
41.793724,54.58327,55.323692,54.026466,-59.259583,17.921877
40.03251,53.432568,55.6092,53.264442,-59.71808,17.964308
39.25646,52.777504,55.38354,53.93171,-59.409653,18.384197
36.811794,49.785076,52.357914,52.219982,-56.22505,17.975105
36.279186,48.46943,51.44294,51.497063,-54.81129,17.704489
36.112938,48.45591,51.82284,51.338295,-55.2093,17.573833
35.38646,48.05128,51.207626,50.22732,-54.849052,17.028355
35.01732,47.833992,50.192608,49.401546,-54.31275,16.618574
35.742138,48.848217,50.231514,50.241962,-55.171383,17.027365
35.64696,48.388798,48.676105,49.974575,-54.016422,17.103117
35.417725,47.81525,47.256268,49.578255,-53.00201,17.002914
36.633537,49.60077,48.96883,51.204163,-55.40613,17.517065
37.135098,50.622147,50.29052,51.006794,-56.61702,17.316847
36.3373,49.730625,50.216698,50.379627,-56.09959,16.97784
36.536575,49.608856,50.844368,50.330204,-55.871944,16.990505
36.96839,49.557747,51.867504,51.532692,-56.023006,17.576418
35.52345,47.21966,50.267902,50.572617,-53.77854,17.376488
35.942783,47.199295,50.5948,50.95474,-53.6027,17.529167
37.506996,48.923203,52.404167,52.421978,-55.430588,17.947727
36.33801,48.175053,51.327053,50.319866,-54.796673,17.270164
34.514515,45.736412,48.235962,47.87063,-52.241768,16.397083
31.941359,43.109627,44.891296,44.58258,-49.778942,15.544432
32.64674,43.407185,44.130875,45.382847,-49.834396,15.6338415
32.7397,42.555363,42.256115,45.303055,-48.7123,15.397547
31.311941,40.89999,40.121677,42.954025,-46.814785,14.640538
32.245285,42.461655,41.482212,43.953438,-48.715626,15.083906
31.923212,42.144764,41.40588,43.64944,-48.634964,15.067162
29.596403,39.45043,39.57028,40.946865,-45.929726,14.216307
29.773785,39.765095,40.19734,41.514988,-46.24625,14.377273
31.962477,41.61181,41.704338,44.600723,-47.725952,15.147213
29.465893,38.72686,38.76873,41.385426,-44.46424,14.083434
30.626287,40.47796,40.522346,43.133457,-46.704662,14.846442
26.336058,37.719807,38.27386,36.99211,-44.44626,13.313107
23.679325,34.425224,34.916607,32.93523,-40.900177,11.979072
27.526781,35.980957,35.434612,37.904892,-41.963997,13.111172
26.642748,34.551422,33.877537,36.854446,-40.178486,12.634077
30.208256,39.63161,39.07344,42.122158,-46.047295,14.495284
33.66121,44.518703,43.972088,47.017635,-51.492474,16.23125
32.44596,43.156704,42.88824,45.45438,-49.786404,15.719102
32.372025,43.493286,43.701797,45.520264,-50.351868,15.948046
33.131805,44.2461,44.659237,46.579597,-51.36381,16.358698
33.100636,43.405155,43.807175,46.12985,-50.314106,16.027996
33.452885,42.826756,43.41037,45.722656,-49.731915,15.617529
35.090332,44.58908,45.26778,47.48981,-51.940952,16.114965
35.852947,45.684742,46.327423,48.466278,-53.42008,16.592619
34.207584,43.711933,44.054623,46.153973,-51.111103,15.969496
33.795845,43.440952,43.712467,45.959785,-50.863766,16.084955
33.774887,43.84669,44.20612,45.999077,-51.445747,16.197504
34.15575,44.706795,45.085045,46.368855,-52.061745,16.120714
32.987434,43.257973,43.43992,45.004425,-49.71608,15.3354225
32.254856,42.811184,42.62228,44.342247,-48.518036,15.077697
32.96751,44.429123,44.193413,45.965027,-50.23655,15.868578
32.523285,43.955914,43.67318,45.81382,-50.09071,15.999534
31.75606,42.86347,42.634007,44.43039,-49.310608,15.508539
32.93479,44.547062,44.435852,45.456215,-51.690453,15.792034
36.27578,46.923286,46.673622,49.616524,-54.366276,16.839064
34.09304,44.322872,44.079998,46.84803,-51.40657,16.014822
34.98868,46.148094,45.994293,48.709347,-53.644337,17.023733
35.482258,46.329945,46.403107,49.515545,-53.683,17.275625
35.38479,45.88254,46.08915,48.977276,-52.739765,16.867012
35.600296,46.756565,47.258644,49.029755,-53.55874,16.752127
36.19882,48.1857,48.784725,50.13415,-55.216484,17.165075
36.649162,49.15363,49.617916,50.874317,-56.330395,17.60178
36.780262,48.960712,49.047523,50.969746,-55.969406,17.692184
38.552338,49.65334,49.565155,53.11035,-56.772903,18.2236
39.984966,50.958862,50.58752,54.599857,-58.50838,18.61733
40.29271,51.83217,51.3426,54.92178,-59.948135,18.76917
40.45265,52.20691,51.60675,55.630745,-60.669147,19.052935
41.268776,53.72669,53.19996,57.38646,-62.64417,19.812511
41.03602,53.906097,53.81803,57.53791,-62.799866,19.89863
40.506622,53.347744,54.401947,57.032185,-62.000168,19.600338
40.572887,52.864685,54.866154,57.530094,-61.788044,19.718428
41.148006,53.118496,55.796997,58.114567,-62.240505,19.887386
42.164078,53.759663,56.72974,58.690445,-62.798298,20.01059
42.348507,53.70626,56.37662,57.114094,-61.903408,19.346334
45.517963,56.91926,58.86365,60.039017,-64.96127,20.20087
46.92682,58.649666,59.944286,59.81966,-65.55818,20.040089
46.47306,58.767017,59.670856,58.64689,-64.97899,19.730679
49.25752,62.74507,62.92399,61.76269,-68.744545,20.861332
51.301727,64.25691,63.655914,63.217228,-69.19169,21.039778
51.910744,64.80943,63.966064,62.35842,-68.53703,20.64904
51.91398,65.64359,65.04236,62.391758,-69.42293,20.759077
53.64954,67.292694,67.4799,64.41814,-71.40174,21.32481
53.729156,67.0013,67.7787,63.45383,-71.01177,20.884613
53.436565,66.162025,67.596535,63.15866,-70.88512,20.860275
56.264908,68.2288,69.47623,64.83723,-71.90026,21.196552
54.760303,67.848076,69.59602,63.539318,-72.020256,21.057142
51.719173,65.2315,67.2281,62.096966,-70.466095,20.94375
52.37457,64.89118,66.000404,60.5814,-67.86923,19.90132
55.246788,67.62448,67.951035,60.492508,-68.46981,19.422508
55.76809,68.28507,68.32215,62.366444,-69.96131,20.10962
53.328274,65.618744,65.89244,60.48173,-68.07203,19.555721
52.69859,63.9449,64.26571,59.058945,-66.00699,18.967072
56.083282,66.96888,66.98376,61.076416,-68.25834,19.764984
57.22875,68.814995,68.57822,62.536926,-70.44109,20.533173
55.8037,67.18016,66.85487,60.54147,-68.59347,19.672808
28.735397,43.42341,45.09815,38.511044,-50.535004,14.158967
62.224262,72.28842,71.550766,66.51425,-71.75065,20.712465
68.82221,81.99434,81.86543,60.929886,-75.59249,18.731258
43.86453,56.332912,57.34381,62.737732,-64.23653,21.247978
55.63317,68.06071,68.94672,60.896294,-68.35527,19.573885
57.415356,69.7674,70.31211,61.436214,-69.660065,19.81452
57.977116,69.81628,70.29889,61.672127,-70.02284,19.898363
56.829258,68.79875,69.36579,60.204876,-69.464134,19.525326
47.485184,60.314087,61.289394,52.830166,-63.604996,17.845295
56.117744,65.44222,65.09049,56.946877,-64.85557,18.082853
68.07145,76.08995,74.125046,62.129093,-70.292496,18.567816
57.598114,68.509026,67.70053,60.408646,-68.72394,19.161045
53.07738,64.65817,64.00242,62.607803,-68.36295,20.420904
62.08035,73.86143,72.82758,65.98049,-73.76088,20.989302
55.192524,68.25851,68.98843,62.96863,-71.12411,20.6662
53.708817,66.52824,67.93926,65.522804,-71.4805,21.879614
63.010757,75.53686,77.07893,71.62102,-78.360825,23.526459
58.187782,71.5854,73.82255,70.186195,-77.18101,23.160362
52.446514,64.55976,66.7905,66.63232,-71.31015,21.665028
52.87138,65.03916,67.31342,65.935265,-71.245804,21.547256
55.43426,67.83501,70.02121,69.76008,-74.44404,23.459885
55.795643,68.94366,71.02613,70.46992,-75.59103,23.814106
51.034103,64.6518,66.70265,68.71675,-73.00436,23.08615
47.240974,61.048832,62.5533,64.32114,-69.31385,21.529926
47.935616,62.96653,64.17099,65.305855,-71.73143,22.16295
46.720287,61.269146,62.45447,63.663452,-69.884224,21.916212
44.574238,58.47221,60.118523,59.002007,-65.80694,20.575493
43.03021,56.686523,58.555534,58.68718,-64.80726,20.829058
44.369503,56.95718,58.985554,59.85815,-65.26814,21.206312
46.24641,58.531998,60.11236,59.022633,-66.1729,20.640112
49.6028,62.137474,62.997475,61.329372,-69.36454,21.042645
48.17189,60.122288,59.959473,56.938137,-65.448204,19.092697
48.768505,62.60016,62.413727,58.094147,-68.702156,19.898413
52.383312,67.797745,68.14831,67.194496,-76.79873,23.630383
52.295925,65.825745,65.702354,62.941395,-72.08929,21.705814
52.936096,65.75179,65.50481,60.566246,-70.096436,20.487814
58.078377,70.78828,70.500114,64.63364,-73.974205,21.597916
58.35575,72.14336,72.748795,64.12222,-75.254456,22.076147
58.134552,72.72229,74.12124,65.487976,-76.427,22.926872
55.6892,70.865906,72.23659,66.15845,-75.75055,23.321592
58.117634,72.75213,72.57865,63.66312,-74.08014,21.40253
61.776573,75.23956,74.15522,65.00219,-75.00251,20.897322
61.048843,75.35224,74.5352,65.145226,-77.17884,21.459072
61.98233,74.59865,74.198715,67.05954,-77.46361,22.093576
61.918854,74.596985,74.89047,64.861,-77.39928,21.78383
60.643764,72.819756,73.55402,66.92713,-77.69518,22.887222
64.16841,76.44613,76.88266,67.92033,-78.871994,22.77118
63.358406,76.07281,76.4228,67.6229,-77.60482,22.382574
58.4177,73.2462,74.69787,68.11145,-77.471756,22.996422
64.24735,78.627174,79.5289,71.53742,-79.89094,23.534718
57.052723,74.339775,75.62716,64.9371,-77.20242,22.00511
59.09441,72.380936,72.410866,65.88561,-73.62483,21.527237
69.74619,81.935974,80.98464,68.5281,-78.58118,22.075605
63.876125,77.10839,77.18006,69.665886,-79.725395,23.61433
58.755215,72.0446,72.96711,69.28423,-78.59058,24.011797
66.65554,78.89304,79.44698,70.391754,-82.044945,23.581226
64.418724,78.948395,79.60825,69.740295,-83.21987,23.51414
57.327427,71.86739,72.57144,65.40441,-76.85819,21.903137
60.661396,73.73654,73.341606,65.89253,-74.8584,21.429228
63.140896,77.62197,76.78211,70.55588,-78.84536,23.392626
65.141815,79.075615,78.51812,77.072815,-81.57408,25.471498
60.844,75.66614,76.31911,73.6407,-79.094086,24.22284
59.401787,73.49803,73.73709,71.56292,-76.62119,23.045095
62.017258,75.62268,76.237175,70.27556,-78.00452,22.623367
61.96383,75.93103,76.615746,69.81591,-79.39429,23.317816
59.116043,74.72875,76.13309,70.19659,-81.0631,24.591063
59.288376,74.23348,75.688194,68.97549,-80.178154,24.161842
58.362106,73.29408,74.588905,67.714584,-79.05256,23.647764
63.028156,76.31075,76.534325,71.42929,-80.54374,24.0802
63.215076,75.45267,75.21843,70.05508,-78.047134,22.706709
58.537216,72.80843,73.08779,71.38876,-78.63846,23.736784
55.670784,71.9594,72.542114,74.07116,-81.023056,25.630701
55.443577,72.27832,71.8829,72.444916,-80.21313,25.14922
52.234226,67.531944,67.66472,66.505844,-74.46027,22.86475
53.358894,68.01287,67.872345,67.93687,-74.8771,23.308725
52.263374,67.55842,67.32288,69.57939,-75.93089,24.441463
48.85011,63.730717,63.858162,67.13476,-72.91651,23.79382
45.67229,60.11791,60.36265,65.87955,-70.567795,23.575294
46.190964,60.593334,60.770134,66.315605,-71.73863,23.77917
45.227158,57.836197,57.90285,63.419205,-68.608635,22.477186
42.77601,55.01474,54.98306,59.322186,-64.95545,21.078787
39.155945,51.67082,51.753445,54.55959,-60.9606,19.772896
36.94812,48.85653,48.67647,52.366188,-57.340866,19.10443
34.558857,46.95713,46.475563,49.662178,-54.78146,18.14247
34.42727,47.50996,46.996273,49.434437,-55.002777,17.804928
35.46509,48.29793,47.763596,50.681652,-55.618298,17.898438
34.488995,47.297745,47.201107,49.808125,-55.170193,17.787983
35.18635,47.95333,48.182884,50.985214,-56.605198,18.496508
35.56482,47.37846,48.104973,51.01996,-56.450157,18.705336
37.536064,49.519222,50.829494,53.054226,-59.280468,19.392694
38.07322,49.586407,50.755695,53.537457,-59.00507,19.20978
38.151417,50.209114,50.745533,54.251137,-59.44184,19.407887
35.067123,48.47034,48.20963,51.078995,-57.130783,18.575872
37.63146,52.739574,51.517784,55.403904,-61.54886,20.060776
37.431934,52.111717,50.193348,54.647038,-59.7694,19.359726
39.900246,55.743076,53.46035,57.542942,-63.375652,20.270947
43.29279,59.293346,57.465996,61.65033,-67.5765,21.89938
41.987186,56.943764,55.98325,59.603752,-65.4142,21.580385
40.94172,55.164284,55.385784,58.19568,-64.39279,21.439354
44.421707,57.942158,58.9741,62.935715,-68.58314,22.948671
45.92283,58.155228,59.782722,63.185825,-68.84892,22.488571
46.603115,58.05364,59.5954,62.709633,-68.01928,21.631544
48.190365,60.432713,61.46625,65.7132,-70.55507,22.631248
43.693775,56.937664,57.442738,61.836536,-66.826096,21.86852
41.80113,55.35744,55.094433,59.61915,-64.54174,21.686234
39.52986,52.124714,51.500805,56.34181,-60.58066,20.823515
39.50714,51.725594,51.27981,55.81783,-60.45555,20.692564
37.52465,48.58065,48.552498,52.6328,-57.405037,19.188078
39.34139,50.33265,50.34766,55.612537,-60.30411,19.981524
36.77537,47.41712,47.193657,52.267338,-57.315235,18.735424
35.473038,47.79483,47.54229,50.77988,-57.727993,18.413988
38.383648,50.757355,50.407852,54.28201,-60.476418,19.381748
38.13581,50.237213,50.064816,53.344135,-58.92914,19.039808
40.36979,53.755898,53.498917,56.92152,-62.74623,20.775082
42.003853,55.39624,54.993614,59.86835,-64.4499,21.95479
43.23644,56.867435,56.28982,61.368835,-66.06534,22.35641
41.224663,54.52484,54.063812,57.708344,-63.44443,20.766323
43.543476,56.710938,56.183792,60.448532,-66.06824,21.303614
42.217556,54.59443,54.399284,58.766075,-64.02358,20.673449
41.392376,53.71056,54.052948,58.232082,-63.439484,20.77473
42.302143,54.26619,54.54209,59.679916,-63.79533,21.344296
39.65591,51.25669,51.595375,55.73174,-60.155903,20.058292
39.502563,51.72375,51.701294,55.58723,-60.436295,20.06842
36.32415,48.211628,48.30081,51.633057,-56.55869,18.627018
33.389847,45.237587,45.74279,48.131077,-53.34841,17.378044
32.708313,44.404793,44.746346,47.591267,-52.38218,17.080404
34.210583,45.95932,46.173645,49.756317,-54.18742,17.755022
35.707623,47.787857,48.087654,51.962196,-56.552723,18.513409
33.9716,45.21099,45.544758,49.64605,-53.737923,17.487986
33.14703,44.694733,44.92349,48.843292,-53.415974,17.306738
35.13522,47.943256,47.90901,51.97274,-57.45326,18.72441
35.258636,47.896683,47.68283,51.843136,-57.26167,18.740475
35.207794,47.550102,47.63764,51.714417,-56.79663,18.652515
36.57983,48.89973,49.335922,53.669292,-58.442516,19.473337
37.9574,50.61334,51.195625,56.209076,-60.628643,20.429855
34.772667,46.571735,47.105507,51.886116,-55.865593,18.717386
32.795315,43.91658,43.906494,48.58539,-52.139618,17.182575
31.70654,41.830444,41.157135,46.390404,-48.973183,16.120605
32.96943,43.557785,42.478794,47.686214,-50.657303,16.732204
29.455505,39.639835,38.5633,42.179546,-45.964924,14.975566
28.561567,37.25712,36.006523,38.442097,-44.555107,14.270442
26.947048,32.205383,30.068258,30.766562,-41.783836,12.99542
24.22974,32.42489,31.815804,31.232466,-39.594856,12.449965
28.817295,32.863934,30.772346,30.634872,-44.730434,13.780144
28.488937,27.8805,24.502651,24.517647,-42.509457,12.539315
27.41842,33.64,32.914272,34.79369,-42.489956,13.303325
35.601357,35.67681,32.187336,35.032608,-51.82773,15.977089
34.544567,37.878963,35.51098,39.53558,-50.555927,15.963559
32.016586,33.255245,29.917505,31.864985,-47.50004,14.218302
32.807922,32.327515,27.788465,28.813438,-48.713287,14.30646
30.821947,32.066708,28.031424,28.235868,-46.78651,13.979927
27.384785,38.2089,37.47267,38.398903,-44.675396,14.515725
30.662687,39.899258,38.113087,39.73366,-48.40057,15.774366
29.363644,40.728916,39.589962,41.52063,-47.287178,15.360284
27.833694,35.175934,33.068058,34.019794,-44.10931,13.665742
31.10987,36.053368,32.823948,33.787354,-47.98197,14.666797
32.94695,35.517086,31.507872,31.995703,-49.992836,15.1642475
30.756897,35.000244,32.11916,33.45575,-46.56637,14.353569
28.652107,33.433933,31.229225,33.207737,-43.21931,13.271534
28.706726,32.323036,29.780869,31.246897,-43.926117,13.286212
29.629223,35.467476,33.74199,35.64968,-46.303097,14.559015
30.712152,36.43577,34.89788,36.843513,-47.493015,15.142632
27.652683,37.466076,37.692825,39.376266,-44.258125,14.333996
29.193783,34.15919,32.436237,33.109467,-44.982067,13.878882
29.051542,35.417213,34.282883,35.582855,-44.486214,14.073094
28.269127,32.39109,30.129913,30.270468,-43.518642,13.421125
27.926262,36.749634,35.840317,37.255016,-44.20344,14.217211
27.185287,34.966293,33.65394,35.2773,-42.925316,13.668749
23.940727,34.262486,34.039394,34.37259,-40.243988,12.63636
28.574438,40.65469,40.19287,40.954067,-48.01173,14.994214
28.65652,39.235645,38.31911,40.561672,-46.26487,14.561195
28.586498,39.335377,38.80233,40.66235,-46.560696,14.602958
32.389656,43.93981,43.506638,46.520733,-52.04771,16.701662
31.523012,42.864166,42.484802,45.527912,-50.65764,16.376183
30.582415,42.776222,42.783424,44.47295,-50.525867,16.100664
30.258638,42.642376,42.872475,43.933445,-50.077225,15.94751
29.839458,42.70141,42.95191,43.463596,-50.252655,15.976295
33.437294,47.572506,47.763496,49.03538,-56.141743,18.082254
34.380047,49.11893,49.129356,50.427483,-58.140697,18.691374
40.609276,53.672367,52.65064,53.36038,-60.67489,19.094086
45.529392,59.00093,57.659164,56.67193,-65.47569,20.028662
43.98495,58.170876,57.417645,58.14417,-65.98116,20.710506
38.60096,53.920494,53.966007,53.921658,-62.747955,19.702059
42.28318,55.008156,55.137344,55.58141,-62.39139,19.670517
46.80942,58.235012,58.28885,56.918633,-63.8633,19.598848
46.163242,58.28996,58.01381,58.3203,-64.781235,20.326332
39.448624,53.871017,53.853027,54.23796,-62.33912,19.732992
39.43976,52.452427,52.10292,51.972942,-59.615097,18.679842
43.28124,55.665947,55.02587,52.268303,-61.154514,18.407917
44.31443,55.456364,55.061787,52.670338,-60.697323,18.278728
38.688427,49.62741,50.10777,47.863083,-55.75296,16.897158
46.58923,54.52199,54.309334,52.578274,-58.20896,17.659443
40.775623,52.72211,53.08573,49.862293,-58.819492,17.678183
42.434166,52.2538,51.458084,54.12392,-57.964348,18.66758
29.429468,43.941532,43.830406,39.038925,-50.482784,14.673695
36.44193,44.38836,42.092434,43.892506,-47.41621,14.888093
57.0936,65.023056,61.06467,57.261856,-64.30971,18.440882
43.819286,55.478413,54.1272,50.469093,-59.81926,17.570923
37.788666,49.36667,49.35408,51.337536,-56.966133,18.30648
40.040718,51.05924,52.049534,46.9377,-56.627354,16.498465
44.178616,52.179905,52.67368,47.6021,-55.5421,16.02682
46.225544,54.904575,55.2783,48.771194,-58.139694,16.56402
44.528656,53.488453,52.84555,49.044792,-56.779385,16.81226
44.001354,53.261116,52.104664,47.101612,-55.744724,16.111471
40.628925,50.951344,49.576885,44.764194,-54.026093,15.472149
48.444393,55.398952,52.90126,49.02984,-55.871326,15.831646
46.28258,55.146168,53.462276,47.408604,-56.67606,15.632145
40.004948,49.88698,48.323128,45.138615,-53.214493,15.429925
46.94778,54.567886,52.405087,47.88637,-55.857494,15.845231
48.011574,55.39516,53.84397,46.147648,-56.208683,15.320274
45.813557,52.71279,51.85058,45.011864,-54.0789,15.010901
45.025196,52.155838,52.30345,42.763386,-53.457558,14.269129
46.16913,51.978447,52.40266,42.619247,-52.41778,13.816738
43.10773,49.879475,50.187164,38.466267,-49.780704,12.541869
42.499138,47.85341,47.126423,37.362938,-46.33682,11.861301
46.283318,50.337807,48.37311,37.995068,-46.85104,11.664516
44.016506,48.552677,46.053383,38.294758,-46.147434,12.007292
49.20467,54.209354,50.744965,45.371304,-52.51581,14.3441305
48.287575,54.827698,51.799053,42.961224,-53.66562,13.795833
44.19436,50.062138,47.856133,41.316708,-49.953148,13.280976
45.347546,50.921497,48.874012,39.422276,-49.325348,12.444576
46.36583,52.05479,50.088326,41.37792,-49.87095,13.086117
46.987595,52.90772,51.10565,42.5888,-50.068413,13.358069
52.035316,58.43804,56.53993,47.870052,-55.178055,15.124211
50.8803,59.265503,58.129196,45.185474,-56.47051,14.754589
46.01248,53.43271,52.411316,43.103714,-52.24235,14.102293
48.732273,55.5707,53.55926,41.622078,-52.287186,13.163028
48.416718,54.81759,51.998955,40.869156,-51.461044,12.766864
51.23822,55.91839,52.031174,41.583786,-51.431194,12.580881
52.124386,56.244305,52.13979,40.794014,-51.30737,12.283815
51.404476,55.44118,51.611122,39.411243,-50.04986,11.8891
49.751797,54.45152,51.58026,38.724915,-49.143787,11.854115
47.108112,52.659035,50.557674,36.349823,-46.894474,11.223184
49.6055,53.24129,51.138214,37.79692,-45.61349,11.074878
53.294106,56.84738,54.64981,41.390965,-49.259583,11.99985
50.83361,54.240353,52.287045,39.773056,-48.206783,11.619887
48.751514,52.313297,50.2514,39.860836,-48.21794,11.970777
51.402596,55.12943,52.518356,40.772724,-50.72544,12.315739
51.821583,55.386696,52.95081,40.988403,-51.168304,12.503375
52.16695,56.00713,52.96023,41.27855,-51.0429,12.461777
53.301308,57.89178,54.034462,43.097286,-51.98733,12.990548
54.848717,60.76863,55.947044,44.410545,-53.433727,13.410472
52.46633,59.859673,55.193863,43.90122,-53.026142,13.483556
48.699654,56.138416,52.013905,40.007767,-49.732018,12.124244
53.863777,59.734715,55.3386,43.373787,-52.188263,12.763768
55.78383,61.23201,56.941498,43.880283,-54.071095,13.078568
51.51895,56.330265,53.073193,44.566948,-52.77205,13.880607
