-232.55634,-107.93927,115.636375,212.46698,271.1068,178.02795
-232.67026,-108.51903,115.37244,212.23112,271.26175,178.66296
-229.54013,-106.91644,112.68317,208.37387,269.7392,180.25761
-227.04312,-104.50895,111.14581,206.05145,269.05768,180.89209
-228.09271,-104.88327,112.065544,207.31357,269.4109,180.28593
-228.09271,-104.88327,112.065544,207.31357,269.4109,180.28593
-228.09271,-104.88327,112.065544,207.31357,269.4109,180.28593
-228.09271,-104.88327,112.065544,207.31357,269.4109,180.28593
-227.93604,-105.08836,111.84031,206.99573,269.13403,180.34007
-227.97156,-104.91969,111.965576,207.1477,269.1975,180.20459
-227.7723,-104.88591,111.7473,206.8636,269.16095,180.4249
-227.48607,-104.601006,111.574066,206.59383,269.05402,180.47679
-227.6427,-104.39592,111.79927,206.91165,269.33087,180.42271
-253.72339,-209.53275,189.00555,297.5137,208.90343,53.687798
-176.15381,-246.93051,137.38994,183.95659,93.16696,37.905598
-117.41695,-257.7248,91.225586,148.21866,53.665886,-2.3755226
-123.7127,-208.97183,124.5597,177.2872,88.54331,2.598764
-78.7824,-169.31924,108.141266,137.12936,69.56519,10.805866
-53.664303,-128.69672,94.57535,104.88786,56.928497,19.544918
-44.461456,-109.60131,76.75194,67.27946,62.264515,64.19753
-30.768421,-129.80467,81.09522,55.841797,54.068825,74.99267
-26.507172,-147.4459,83.11135,43.331802,51.853718,85.731415
-27.848562,-172.94078,100.46219,45.316025,46.295277,72.58016
-30.013006,-200.5302,120.08797,47.616913,40.178455,55.858833
-32.586887,-237.51682,145.17288,50.934784,39.13074,44.821274
-31.905155,-293.1585,178.94894,49.294617,43.871536,46.1488
-26.540922,-322.1144,202.1356,43.820965,50.17045,54.828106
-25.762106,-329.57843,216.80586,35.839973,56.207897,68.65101
-29.731945,-326.20438,224.41248,21.196138,62.862267,92.42386
-23.863726,-312.9981,225.21715,0.27096125,64.030975,117.40484
-15.028194,-296.16168,225.18886,-19.865204,62.41884,138.04124
-7.538432,-280.81134,226.36385,-37.880363,60.104836,154.75194
-0.82493824,-256.60837,219.79607,-57.256012,55.10385,170.54514
5.515992,-238.07996,217.78168,-74.43924,51.583588,184.26094
11.390351,-218.5858,213.99088,-87.463936,47.319416,192.27289
17.635927,-207.85237,217.99051,-96.40294,44.601036,196.42076
24.24642,-200.62398,224.68018,-99.785255,42.16031,192.6368
32.03336,-197.96907,235.64215,-96.31658,40.610332,178.67023
41.17351,-202.24684,253.12517,-92.54796,41.693462,166.10684
48.13294,-202.6404,268.0182,-82.17341,42.21896,143.77576
50.574966,-198.11116,274.72998,-75.968414,43.04133,126.07347
47.2054,-183.14555,265.20883,-65.38376,44.66511,102.87267
39.936802,-162.56679,248.24208,-66.13411,44.086666,88.10004
30.662996,-138.66399,221.39293,-66.74292,41.384853,78.57713
18.176556,-116.81507,191.61678,-61.211098,32.533302,82.95955
11.0255,-96.445145,166.49464,-55.067806,27.81298,73.70953
7.659513,-76.65953,140.30086,-44.06761,25.867914,55.234535
5.561582,-60.275997,114.071915,-36.393097,22.539846,43.619133
-4.8873487,-44.15698,90.978455,-32.385216,15.232772,44.79685
-4.2150464,-39.541306,82.86719,-35.175972,10.217978,48.352985
-11.022854,-34.912956,78.62919,-38.334557,7.7665153,53.39439
-6.7494884,-42.49537,91.277504,-45.743195,7.2143383,63.241158
-7.516081,-47.646328,102.88563,-47.820076,10.415772,67.11549
-7.6602125,-50.10814,109.628044,-49.746483,10.616341,70.58765
-6.3165603,-60.00726,130.35088,-54.4056,15.616729,77.283455
-3.1077096,-54.070564,115.69122,-43.5495,17.467827,61.982502
-5.6952724,-47.365074,100.821915,-44.995758,10.809141,63.43436
-6.411287,-56.66345,117.98187,-53.614178,12.846658,74.52858
-3.1824617,-58.134537,117.01427,-47.7889,17.794182,65.7929
-3.8997443,-57.30791,114.458435,-48.380188,15.896744,66.18881
-2.8012774,-52.6786,104.95964,-39.76417,17.206995,54.650463
-5.4609265,-43.988342,89.68488,-37.844044,10.715414,51.92122
-7.5590253,-48.240204,99.40327,-43.356453,10.426615,59.27442
-7.0299926,-51.291386,104.8728,-43.987415,12.821153,59.664906
-6.968112,-51.27099,105.159485,-45.718155,11.6672325,61.752987
-5.9252687,-50.314415,103.14126,-45.36254,11.01288,61.107494
-4.2557025,-48.353645,98.80373,-43.172455,10.975019,58.074097
-3.1465364,-41.79904,86.1145,-38.56081,8.282481,52.022392
-3.9762726,-44.058598,91.57784,-43.33952,6.6034184,58.65922
-3.5953877,-47.6684,97.75986,-44.40059,9.577032,60.50326
-5.162958,-49.585644,101.502815,-47.30353,9.31937,65.12104
-6.4810853,-53.94246,109.708374,-49.55049,12.091399,69.22614
-6.671942,-52.08074,105.054695,-46.04363,13.71147,64.95301
-6.965298,-49.319103,100.78768,-44.754684,11.751065,63.183064
-6.045593,-46.5615,96.4524,-42.556786,10.486378,59.547108
-5.695147,-49.378887,103.040535,-45.746735,10.4257555,63.151585
-4.678137,-55.794952,115.006294,-49.01508,13.965225,66.78673
-4.2081337,-58.72773,120.5065,-50.149147,16.021957,67.58587
-3.4752448,-50.055916,102.1797,-42.13681,14.506647,56.41075
-4.717189,-38.02135,79.944275,-37.139706,6.423732,49.709938
-6.2523727,-44.347893,94.16237,-44.89402,5.482635,60.675385
-3.997126,-52.896492,107.14153,-44.14769,14.74975,60.348114
-3.1823344,-49.325672,97.5925,-39.21242,15.530313,54.033085
-4.1877093,-47.813614,93.82009,-39.899334,13.519125,55.31023
-3.92879,-46.04774,88.609375,-37.746727,13.963931,52.58762
-4.191622,-45.267876,87.498405,-38.827393,12.059738,54.284843
-4.3281054,-41.59995,81.28764,-37.7468,9.084796,52.800587
-6.5746565,-47.384617,95.53448,-46.795956,6.0878725,65.67783
-5.762172,-56.44722,112.42304,-49.835968,12.612085,69.84911
-4.3044305,-46.19347,92.08792,-40.82724,10.36199,56.38332
-6.1752944,-46.6034,96.6979,-48.325165,3.2883134,65.782425
-5.0986166,-55.34381,111.167885,-51.239872,9.857193,68.876816
-4.2208295,-52.329975,103.09194,-46.343624,11.297386,61.735867
-4.7132244,-52.592785,103.1433,-47.41787,10.132084,63.152668
-3.900733,-56.119854,107.34366,-46.843433,14.079489,62.435684
-2.6728275,-50.35678,94.511986,-38.122906,16.220888,50.88654
-3.765883,-42.300034,81.16053,-34.701603,10.370978,47.201187
-4.6501784,-46.131863,89.66307,-38.837208,10.176802,53.284286
-4.071334,-48.023777,93.0225,-39.040638,12.430298,53.748405
-3.691055,-43.166473,86.866615,-38.227962,8.164703,52.56359
-4.869309,-47.234573,99.36028,-45.6796,4.5437803,63.39348
-4.385062,-50.68156,105.73737,-46.189987,7.809588,64.62233
-4.6548724,-45.117645,96.03635,-43.38015,4.493606,61.003914
-5.5606036,-43.567028,95.357864,-45.825928,0.19673187,64.50193
-5.0815353,-48.04629,104.14857,-49.94474,0.64152426,69.71742
-4.3894725,-52.282093,110.22822,-51.419094,3.084189,71.48726
-3.697866,-55.30304,112.4942,-50.482143,6.554338,70.08346
-3.5046737,-59.23115,116.95393,-49.676414,10.8776245,69.29556
-3.2889733,-51.307728,98.297,-40.479645,12.66192,56.534492
-5.071535,-42.997986,86.66157,-40.67801,3.8531919,56.39218
-5.8235335,-47.255943,96.06144,-46.458645,2.9905674,64.10267
-5.479299,-51.797127,104.63895,-50.180817,4.850684,69.07844
-3.544009,-52.11601,104.00506,-47.84583,8.595047,65.861244
-2.6805153,-52.83671,105.468445,-47.814102,9.890411,66.06122
-0.8363182,-54.61606,104.68487,-43.548042,17.015419,60.584347
-0.45434016,-46.65309,87.40338,-35.148895,16.306013,49.34572
-2.2687051,-39.739105,77.11632,-34.1253,8.166479,48.018745
-4.1168203,-43.895073,87.68051,-39.30558,5.533391,55.897255
-4.1421237,-52.87033,102.81483,-41.993694,11.702508,60.298843
-3.4164114,-44.767353,86.89438,-34.964363,10.248266,50.04818
-4.480348,-30.671259,64.31248,-31.361206,-1.3145363,43.92855
-7.3829055,-40.68427,86.838524,-46.156094,-5.000177,63.151115
-4.829088,-50.04016,102.50253,-47.063313,2.8700795,65.38352
-4.694599,-50.64907,102.86458,-47.854473,4.1759596,65.89527
-5.218543,-57.00164,114.48734,-53.358665,6.833357,73.13895
-4.3140073,-53.224937,102.81538,-47.04233,11.427879,64.23379
-5.11188,-50.34855,98.38349,-47.49634,7.9443026,64.98501
-4.39134,-48.482174,92.585815,-44.5077,8.903939,61.3595
-4.508765,-54.094826,103.14797,-49.760853,8.214123,69.44003
-2.5052269,-52.114605,92.571495,-41.529945,14.504105,58.79857
-3.3654244,-48.006138,86.62182,-40.52823,9.286228,57.93211
-3.8800004,-50.725216,90.43563,-42.248528,9.484808,60.975513
-4.071723,-50.78714,88.853035,-41.764908,9.997998,60.400528
-3.8066041,-50.272644,85.74674,-40.65226,11.300512,58.496075
-3.6828446,-49.529663,83.28884,-40.807167,11.193936,58.077827
-3.401591,-48.136955,79.55292,-40.556957,11.205581,56.847675
-3.114995,-44.239826,72.00215,-38.540726,10.158636,53.19713
-3.783242,-45.16888,74.18621,-41.632877,8.327347,57.027107
-4.1422834,-48.11761,77.17248,-43.802246,9.953637,60.01488
-4.632995,-47.73982,75.41363,-44.43909,9.007491,60.990444
-4.3791924,-48.77413,75.02672,-44.828674,8.929185,61.87753
-3.8953218,-49.84206,74.344666,-44.651775,8.899738,62.151146
-4.3390937,-53.814224,79.50583,-48.47035,7.421816,68.16558
-5.3676395,-56.252808,83.45125,-51.68579,4.44804,73.59906
-5.339865,-60.5666,85.541794,-51.82895,8.228031,74.8127
-4.4533787,-62.548817,83.02421,-49.16589,13.642789,71.623405
-4.273121,-62.490845,80.73763,-48.80254,14.471906,71.06816
-3.853589,-61.546967,77.68096,-48.29254,14.995866,69.929535
-3.4223309,-60.118362,73.1123,-47.72337,16.300058,67.86592
-3.7597501,-59.591595,72.18733,-48.589073,15.592147,68.9465
-4.12541,-59.3354,71.306335,-49.734615,14.93876,70.10078
-3.7526193,-55.867622,65.808075,-47.258728,14.146632,66.0868
-3.3803868,-55.802002,63.25539,-47.117134,15.345421,64.928665
-3.6293383,-51.408157,57.664318,-44.690636,12.7906475,61.57922
-4.8344502,-50.92977,58.893993,-48.10147,8.015078,66.08014
-5.0998864,-53.290813,61.480923,-50.910168,6.9026504,70.10707
-5.794464,-58.45067,67.98754,-56.49101,5.1721873,78.67418
-4.7479186,-67.50686,70.84735,-58.787075,13.359088,82.35499
-3.1091926,-64.883156,57.375023,-54.184807,20.780403,71.76086
-1.4235933,-55.752434,38.041386,-45.104286,25.613775,54.960655
-2.7279913,-50.249905,39.346806,-42.53508,17.82642,55.178818
-3.9517772,-46.087692,42.393417,-41.37793,10.046242,57.04493
-3.1975906,-44.407856,36.530537,-40.145626,11.70073,53.24529
-3.5238197,-43.975376,38.57066,-41.211544,8.538319,55.550816
-5.0707703,-46.171005,48.063877,-46.01769,1.8690958,64.98332
-5.0211477,-56.112972,50.029606,-54.18156,7.2425246,73.506386
-4.805913,-60.146496,43.7067,-55.783634,13.090237,73.34286
-4.4377403,-56.106247,35.718548,-50.655758,14.130608,66.47314
-4.4334316,-56.256504,35.109047,-50.09259,13.327496,67.06218
-4.3124304,-59.197803,39.19696,-52.065464,11.965368,71.84148
-4.292947,-62.966934,40.549755,-54.929363,12.073793,76.98518
-4.6011295,-67.62988,39.02116,-59.388638,13.488788,82.91805
-4.667706,-69.32453,33.07464,-60.81307,15.660374,84.03779
-4.8357873,-69.37198,29.356264,-61.508053,15.814488,84.23865
-3.3992858,-71.01528,22.094168,-59.945602,21.155453,80.64053
-3.687408,-72.680626,23.927933,-60.819515,21.150784,81.655594
-3.5872073,-77.54275,21.2331,-62.330555,25.544783,83.16274
-2.596334,-70.07033,11.409554,-53.054104,28.120987,69.91815
-2.0559664,-60.739548,4.9663367,-44.75057,27.139503,58.255295
-2.3784282,-55.657887,8.826809,-42.889774,22.253056,56.18753
-3.6213582,-52.57591,18.773766,-45.16734,14.016558,60.23128
-2.8954325,-51.839462,11.473878,-43.015896,17.732374,56.293964
-2.1621082,-46.66528,6.1798944,-38.183334,18.227732,49.53218
-2.215814,-43.444138,6.4325466,-36.4631,16.122025,47.744698
-2.5862885,-39.42063,7.354975,-34.303093,12.986863,45.509445
-3.2698948,-41.67288,10.070872,-36.77373,11.977744,49.745785
-3.6261106,-39.341766,11.075512,-35.60483,9.520585,48.611477
-4.0232615,-32.694817,15.688937,-32.761097,3.0689077,45.016624
-4.6926255,-43.584373,21.7333,-42.48851,3.6766078,58.831455
-3.3815088,-43.555748,11.443012,-39.175625,8.641757,53.57879
-3.693473,-39.506332,14.790126,-37.2463,5.0460243,51.232113
-3.9643803,-39.60403,15.658377,-37.528656,4.618252,51.686043
-4.369961,-40.96215,15.220378,-38.46778,5.5236664,52.835575
-4.9355516,-40.394085,18.359833,-39.217144,3.9407573,54.01175
-5.5106883,-47.398357,22.768625,-45.566406,4.814739,62.89199
-4.861944,-48.107475,19.271925,-45.07562,7.2446127,61.646996
-5.087059,-49.326286,24.359325,-47.794197,5.190247,65.51023
-4.2335668,-49.183666,19.029053,-46.359352,7.9038687,62.76069
-3.6932604,-48.367176,13.438332,-44.84877,10.057623,59.915207
-4.408048,-51.665897,16.560757,-48.645603,9.632648,65.23226
-5.0261936,-53.40553,19.24778,-50.929306,8.648604,68.62716
-4.791181,-54.859287,17.917501,-51.08673,10.213109,68.718445
-4.0341663,-53.496292,11.8257265,-48.164803,12.678481,63.885983
-3.795897,-59.604298,8.510881,-51.21743,16.840517,67.35493
-3.54269,-59.26813,1.2537975,-50.551285,18.726032,64.72879
-2.8536592,-50.088844,-4.346349,-42.809116,16.941908,53.55393
-2.2929838,-42.75782,-3.946448,-37.17112,13.564213,46.403835
-2.912696,-38.559486,3.469096,-35.568066,8.383307,45.87718
-3.5301616,-37.86835,7.9240055,-36.186012,5.910981,47.553665
-3.9371052,-38.525078,8.624638,-37.115185,5.6840897,48.87583
-4.4586887,-35.97531,12.139187,-35.794613,3.3403845,47.99092
-5.0746293,-38.331997,16.886715,-38.667755,2.05311,52.82629
-4.6719837,-40.492493,16.860308,-39.892517,3.6308484,54.364906
-4.038452,-43.531975,15.325531,-41.867767,6.047887,56.31054
-3.2551253,-42.043816,8.737273,-39.89014,8.929365,52.00324
-3.605412,-40.121502,10.308434,-39.109364,7.4976177,51.04546
-3.8483245,-39.368214,10.200674,-38.5265,7.347715,50.27731
-4.24886,-37.522717,11.921633,-37.32922,5.7342606,49.195595
-4.406745,-36.988564,11.608808,-37.036488,5.3988748,48.736298
-4.433653,-37.165268,10.549461,-37.28997,5.567002,48.78748
-4.330319,-38.56585,12.736113,-38.285137,4.8547707,50.828068
-3.8651326,-39.567913,13.255542,-38.416573,5.0567913,51.4721
-3.6881018,-39.12918,11.764139,-37.443733,5.6563077,50.334267
-3.6742904,-38.63888,9.326875,-36.644547,6.394515,49.156837
-4.1609063,-38.19168,9.687083,-37.010967,5.3336806,49.864655
-5.69168,-43.37319,15.929154,-43.632057,2.6626391,59.68331
-6.886025,-47.849308,21.698748,-49.633354,-0.07138944,68.436874
-6.4626284,-49.31875,20.484299,-50.316658,0.7221699,69.225266
-4.2962966,-51.166344,4.9797325,-47.262253,9.265274,62.69996
-3.9002988,-49.798523,8.274249,-46.64488,7.5620446,62.05455
-4.9527836,-56.464787,22.805023,-55.034935,2.879119,75.03667
-5.2271357,-64.52906,27.746864,-61.475792,4.246243,84.136696
-4.8475575,-71.4363,22.335066,-64.51818,10.707566,87.1931
-4.1577797,-73.230865,8.00231,-61.534603,20.273178,81.36886
-5.237754,-71.53692,10.536355,-60.974995,19.44244,81.24028
-5.8854866,-72.86691,8.411866,-62.22905,21.614435,82.38686
-5.8592186,-71.70446,3.209139,-62.563343,23.403038,80.703354
-4.930841,-61.4136,-0.2421701,-55.20445,20.697435,69.644226
-4.3729653,-61.32167,4.0772095,-55.914997,18.369904,71.13991
-3.7241302,-59.978527,7.4163723,-55.05364,15.934898,70.707565
-4.250469,-60.39389,20.498451,-57.777023,9.152206,76.6902
-4.103341,-65.657555,19.762854,-60.467934,11.590524,80.73098
-5.606273,-71.6392,28.409397,-66.76645,8.945609,91.001495
-7.928653,-84.26596,34.4868,-78.06269,9.704624,107.52835
-8.731858,-91.75814,19.590975,-80.47184,19.068167,109.221794
-9.949099,-96.0518,15.680732,-83.797195,21.2457,113.45018
-10.48222,-103.55391,9.419163,-89.25251,25.603205,119.81927
-10.754243,-110.1906,20.424433,-96.74811,22.810028,131.02422
-9.141889,-118.45817,15.378723,-100.82132,29.387484,135.42189
-5.372748,-121.80455,-5.9687676,-96.047516,43.354332,125.85518
-2.5900831,-122.2274,-14.440519,-92.38422,50.102726,119.57234
-1.1496232,-115.76945,-17.337471,-86.05463,51.11977,110.418816
1.2057489,-98.97805,-29.451965,-72.80147,49.935467,89.075035
1.379694,-88.24553,-29.682232,-65.84928,45.578804,79.064445
0.52893007,-73.0214,-26.035543,-54.945744,37.753326,65.85831
-2.5499828,-65.82679,0.68037176,-55.07273,21.891695,71.03265
-1.7957711,-55.46658,-8.376887,-45.155758,21.508324,56.75807
-1.435646,-46.535686,-12.272012,-37.83964,19.127813,46.531597
-1.8968016,-40.98156,-7.080251,-35.211113,13.703378,44.099014
-4.2958765,-40.32827,20.027103,-42.110466,-0.6929494,57.220787
-4.628872,-43.35804,24.397455,-45.343555,-1.957224,62.66988
-5.525789,-57.43783,35.619724,-58.49436,-2.8456633,82.27872
-6.506364,-71.73102,48.600224,-71.983055,-3.7241356,102.16818
-6.617822,-84.95001,50.461098,-81.74577,1.2739103,115.22291
-5.6209197,-102.941696,39.266655,-91.238266,15.824352,125.56044
-4.933793,-113.11717,29.19092,-96.15931,26.996489,129.00241
-4.7994113,-120.24777,25.611305,-100.91699,33.297226,132.70137
-3.6607645,-124.91292,6.5742855,-101.075325,45.242348,127.81855
-3.5971434,-126.703186,2.5427835,-103.044846,47.347775,128.2667
-3.106408,-127.98202,8.681136,-103.7519,44.93348,130.1581
-1.7328055,-129.50745,1.6214924,-101.20695,49.454727,126.02819
-0.7857715,-126.08433,-11.136206,-94.29689,54.323544,116.22792
-0.18937862,-118.30577,-27.027008,-84.27623,58.299313,102.58871
1.2497904,-102.24825,-40.10245,-74.46428,53.965443,86.805664
-0.078481495,-82.41648,-32.090363,-60.36257,42.179966,72.72951
-0.43807933,-64.16554,-25.124481,-47.394573,32.15563,58.34019
-0.74585664,-51.217686,-17.602406,-38.68438,24.161873,48.71524
-0.8753451,-40.34397,-14.24752,-31.84893,18.504173,40.04652
-2.9450226,-35.942513,8.782359,-35.561222,4.492938,47.51893
-3.1676135,-35.483124,8.872908,-35.336628,4.2791686,47.20845
-3.7517898,-36.821896,11.560289,-37.12584,3.233839,49.824898
-5.1220555,-45.28033,24.111715,-46.827732,-0.32254183,64.05847
-6.0081644,-58.37177,32.260864,-58.49663,0.39528477,80.15867
-5.583933,-66.690056,32.574226,-63.65377,4.33949,86.49838
-3.0516067,-66.30213,12.134517,-56.89953,16.047571,74.09775
-2.8248532,-66.015236,13.367913,-57.26993,15.46057,74.17083
-3.727188,-69.8199,24.712685,-63.366405,11.011713,83.0632
-5.0725,-79.07943,35.302067,-73.19903,8.980088,96.565575
-4.7016993,-90.261055,24.022957,-78.49339,19.382513,99.94851
-4.365862,-95.75399,11.995396,-80.20694,27.581049,98.44265
-4.325305,-97.71799,12.316422,-81.663536,28.45034,99.75829
-3.3347864,-96.20365,6.705101,-78.80148,31.095495,95.351524
-2.329254,-95.10829,1.1487172,-76.42401,33.823544,91.54201
-0.95044315,-90.01664,-11.689768,-70.1328,38.42812,81.40733
0.24665834,-84.13027,-24.586876,-62.910152,42.593952,70.411026
0.63195676,-65.78929,-27.449856,-50.478153,35.38228,54.406197
-1.8829488,-58.433193,-10.308039,-47.040817,24.261885,56.14348
-2.888728,-55.243973,5.869461,-48.04353,14.891872,61.52001
-3.4626656,-52.715828,18.816925,-49.0724,7.389248,65.870316
-1.1466311,-50.663063,-8.997812,-39.724,22.077913,49.77183
-1.7037851,-40.140724,-5.360525,-33.568653,15.598883,42.274345
-3.3368738,-35.165062,12.643862,-35.139328,3.587917,47.07993
-3.5538309,-40.010403,12.014196,-38.468044,5.7658277,51.40232
-4.3292484,-50.140892,20.479708,-47.80543,5.265843,65.17355
-4.1097884,-53.405617,18.312105,-49.628906,7.598879,67.061874
-3.8422651,-57.81061,17.299805,-52.315723,9.838463,70.398155
-3.1686935,-57.302406,12.288187,-49.781265,12.841371,66.47587
-3.186317,-63.21677,9.295557,-53.378025,16.74228,70.626945
-3.0647943,-60.796776,3.915999,-51.124428,18.28349,66.22047
-4.0121727,-63.456974,13.042722,-56.46532,14.044124,74.74649
-2.910729,-64.25719,-1.8709884,-53.148598,22.707174,67.541435
-3.7105641,-64.199265,8.63869,-56.091377,16.764513,73.20129
-4.466883,-74.448296,19.090263,-66.17194,14.829745,88.12053
-4.3751593,-80.918205,22.366152,-71.09952,15.5494375,95.051834
-3.743176,-90.815544,18.495575,-76.250626,21.748156,100.88133
-2.190087,-94.39473,1.8596716,-73.206696,32.950676,93.5585
-2.3732495,-95.21499,0.6809468,-73.28232,33.85111,93.529816
-2.034275,-89.7475,-9.176016,-66.09888,37.513725,82.268166
-2.2410505,-84.82362,-12.810155,-61.32477,37.70323,74.93956
-2.6392653,-79.43635,-9.841809,-57.944954,34.088005,70.57248
-3.136947,-79.81905,-2.0835786,-59.82555,30.436756,73.748474
-2.4664588,-74.8656,-6.24749,-55.773243,30.79515,66.0915
-1.567379,-76.58325,-13.169348,-56.08462,35.009373,63.40704
-1.1978999,-75.17491,-14.46239,-55.99271,34.599895,62.178017
-2.2387161,-63.02774,0.4720199,-52.46992,20.430029,61.734165
-1.7967381,-56.43299,-6.0099616,-45.691467,22.112896,51.80407
-0.99728966,-44.404408,-16.87804,-33.968704,24.146046,34.373077
-2.3088276,-39.194855,-2.9828362,-34.488773,13.677112,39.054752
-2.699324,-39.980816,0.61026955,-36.0867,11.976137,41.920685
-3.548926,-40.374172,11.899628,-39.522865,5.202808,49.681026
-3.6068044,-42.189095,14.956298,-41.11741,4.4392633,52.660328
-3.1912217,-43.815216,11.3043585,-40.692375,7.599805,51.121117
-3.8140876,-48.51552,18.094383,-46.29533,4.987176,60.074963
-4.320774,-54.888847,20.509315,-52.162502,5.4205413,68.04838
-4.267267,-59.74114,16.643078,-54.926743,9.125537,70.296394
-4.4745708,-73.77836,18.92112,-65.29945,13.159486,83.761406
-5.3075824,-84.844284,30.244446,-76.17236,10.606623,100.78011
-4.44548,-98.076256,21.656038,-82.37624,21.635523,105.55305
-1.7389148,-102.97464,-8.67934,-75.3083,43.953194,87.15782
-1.5512854,-100.78474,-12.905163,-72.17295,46.28515,82.05014
-1.5793225,-87.97255,-17.078936,-62.189472,43.502934,68.43833
-1.7290179,-78.44808,-15.081991,-55.990414,38.57174,61.56087
-2.0893111,-70.50357,-10.644512,-52.35857,32.43265,58.715363
-3.0648038,-69.42652,1.5468388,-56.117146,24.204943,67.463646
-2.669633,-70.48596,-1.263149,-56.630592,26.424135,66.78134
-2.21712,-67.42113,-4.084266,-53.731617,26.946665,62.164722
-2.3467464,-63.99467,-2.4299343,-51.751534,24.315908,60.65616
-2.4078255,-58.460526,-2.8106358,-47.878063,21.820118,55.684067
-2.5215428,-56.22354,-2.9182584,-46.52252,20.632946,53.570248
-2.1829927,-54.902134,-5.6475563,-44.56791,21.945578,49.35848
-3.0903704,-56.63646,8.389154,-49.02749,14.546129,59.633377
-3.2124045,-58.474033,10.529072,-50.475666,14.167269,61.69831
-3.0170596,-59.893257,8.864532,-50.66058,15.871304,60.521233
-2.4880948,-61.184097,1.500148,-49.681545,20.585672,55.34655
-2.5598936,-62.60146,-0.16868114,-50.74303,21.435587,54.80669
-2.7492864,-62.36965,-0.41566086,-51.054073,20.602926,54.412655
-2.6884875,-60.268776,1.9836583,-49.813393,18.422346,53.8001
-1.9849564,-55.177933,-4.6771593,-44.555683,20.11474,44.805454
-1.3762848,-51.349567,-11.345216,-40.099415,22.565224,36.728275
-1.7606785,-46.04856,-7.1047764,-37.008057,18.39168,35.62498
-2.6306007,-41.337227,2.704009,-36.0549,11.124388,39.45976
-2.6127567,-39.324852,1.3393464,-34.363663,11.490949,36.992485
-3.154171,-42.78395,7.6898155,-38.67931,9.289223,44.63948
-3.8243716,-45.637768,18.57759,-43.655018,3.8692787,55.605415
-3.4608238,-50.289078,15.718383,-46.781006,7.2091055,57.783234
-2.2500403,-52.747086,2.545302,-45.55787,16.085854,50.084564
-2.3408115,-53.05394,2.9454484,-45.45627,15.824856,50.713528
-2.7116737,-52.253418,5.130665,-44.62868,14.112476,51.3794
-3.2454646,-54.532265,9.750802,-46.673416,12.23209,56.159134
-3.4889178,-58.802776,9.974473,-49.612118,13.645255,59.446358
-3.4238267,-62.24951,8.469646,-52.224525,15.7046,61.051083
-3.1799233,-68.85144,5.3798466,-56.881042,19.963293,63.8148
-3.3368719,-70.82153,12.135661,-60.13099,16.578669,70.79904
-3.2022054,-77.466675,15.268109,-65.49031,17.89729,77.59676
-2.6341112,-77.46562,0.46774578,-62.549374,27.577051,65.399345
-2.7877371,-75.11558,-3.9858,-59.70338,29.972334,59.52306
-2.5753474,-71.08171,-4.944075,-55.643284,29.59805,54.724495
-3.6015127,-75.07551,10.647481,-61.96482,21.201517,70.62536
-3.7220764,-81.700294,15.745376,-67.18076,21.08214,78.82713
-3.6267076,-90.09085,16.872341,-73.105705,24.180283,85.25672
-2.7287912,-91.681786,7.246051,-71.72485,31.117634,77.80047
-2.664419,-91.714836,6.2613697,-71.96564,31.236032,77.604324
-2.6224232,-95.43841,6.1717157,-75.18581,32.380867,80.80031
-3.0869124,-101.4539,9.595556,-80.898445,32.468273,88.5318
-2.611098,-105.32013,3.3104022,-81.918144,38.456627,85.32476
-2.3168888,-104.48095,-1.9667478,-79.71948,41.722534,79.78968
-1.7791618,-96.47385,-6.779912,-72.00886,41.844704,68.8397
-1.2136042,-91.982864,-12.385302,-66.95677,43.925354,59.76256
-1.2502321,-88.97632,-12.212029,-64.95303,42.435253,57.27495
-2.1267097,-88.11226,-2.2874417,-67.063896,35.375786,64.89247
-1.946043,-82.37955,-6.3926544,-61.915993,35.550755,56.569042
-1.6279764,-73.54835,-11.981475,-54.30639,35.437973,45.257183
-1.3786583,-65.20891,-12.453319,-48.191357,32.381428,39.05843
-1.9495014,-59.503235,-4.0867786,-46.79616,24.289894,43.36418
-1.9903316,-55.205063,-2.7550662,-44.295036,21.564384,41.472034
-2.4918873,-54.251293,2.821765,-45.067677,17.50985,45.90403
-3.701662,-58.507435,15.327171,-51.770203,10.817444,61.012367
-4.293193,-65.590836,19.126667,-58.25554,11.140322,69.48108
-3.642702,-70.03584,9.610772,-58.81261,19.458946,62.424255
-3.2818716,-73.656815,7.5554085,-60.766346,22.180233,61.88286
-3.3284025,-78.59064,11.712675,-65.325,21.29025,68.484764
-3.2662423,-84.36755,11.730622,-69.07977,23.723196,71.25513
-2.7160296,-90.38403,4.1993084,-71.20733,30.909878,66.56279
-2.3629775,-92.67076,0.18291926,-71.71003,34.026165,62.39994
-2.1832266,-92.20633,-3.7381556,-70.71663,35.607777,56.920353
-1.9410529,-91.67901,-9.587385,-68.91779,39.02172,49.078384
-1.5964695,-86.37158,-14.082779,-63.628433,40.365086,39.59703
-1.765,-79.201385,-12.434664,-58.76458,36.908012,36.706085
-1.3859183,-73.08119,-14.936916,-54.743347,35.786392,31.160345
-1.9064745,-70.02065,-7.2869186,-53.90436,30.41065,36.09338
-1.3512249,-61.388115,-11.277842,-46.830654,29.370502,26.317173
-1.6281066,-54.352432,-6.531598,-43.38082,23.116884,27.53872
-1.663583,-52.308662,-7.4019156,-42.034428,22.486486,25.157263
-2.435316,-48.142067,2.85558,-41.677757,13.948887,34.1882
-2.4240177,-42.92143,1.7800822,-37.635998,12.332326,30.396303
-2.910297,-42.750942,8.252947,-39.200874,7.944705,37.527344
-3.165635,-47.61304,11.361616,-43.43361,7.966449,43.3053
-3.2513783,-52.85251,12.905902,-47.48754,9.138487,47.05918
-3.3596153,-58.62936,16.53411,-52.252026,9.502998,52.98503
-3.310238,-67.07645,15.85307,-57.81314,13.809759,54.96342
-3.2946963,-73.22667,14.028877,-61.679413,17.890266,55.18121
-3.2811418,-80.49303,10.989379,-66.234695,22.96957,54.465374
-2.7915313,-83.41167,2.620077,-65.931046,29.844969,44.489193
-2.769266,-86.44318,1.828944,-67.93472,31.532778,44.2169
-1.9495372,-81.70343,-7.2737856,-62.087852,35.395367,30.202843
-1.7259158,-76.11758,-9.156204,-57.67275,33.76352,25.509108
-1.8901466,-77.469444,-6.5930214,-59.36572,32.283344,29.187323
-2.251405,-75.65809,-1.144789,-59.700397,27.67843,35.732006
-1.7762963,-72.91092,-8.9790325,-55.621254,31.469685,23.280525
-2.013587,-64.62884,-8.139788,-49.90641,27.532242,21.440943
-2.7626271,-64.59667,2.5550005,-52.593628,20.803316,35.90623
-2.637764,-67.21891,1.6455383,-53.926044,22.893518,34.418983
-2.1431868,-59.8784,-3.2605531,-47.808243,22.930685,24.707188
-1.7920859,-55.021244,-7.0453587,-43.73957,23.256912,17.163855
-1.9343623,-47.98355,-4.832919,-39.730022,18.597143,17.772232
-2.6446145,-49.05178,3.6135297,-42.986954,13.147172,30.231806
-2.4760346,-50.75248,-0.34508944,-43.01563,16.48259,23.348373
-2.7011595,-50.800102,4.332203,-44.1434,13.368462,29.914629
-2.8327713,-53.415882,7.6802654,-46.54944,12.3684225,35.121502
-2.8972933,-56.662865,9.679863,-48.73572,12.915091,38.090996
-2.815999,-59.22885,6.4085402,-49.404346,16.688875,32.85144
-2.2913318,-57.989594,-3.5151806,-45.947483,23.00769,16.337835
-2.0101223,-57.80816,-7.3801074,-45.519432,25.155632,11.004495
-1.5704732,-52.609566,-10.33782,-41.303085,24.839573,4.9834175
-1.6212407,-50.378426,-8.123263,-40.511425,22.220257,7.99073
-1.9609284,-45.921135,-3.3560672,-38.848995,16.879385,14.435365
-2.6561363,-45.62957,6.1204386,-41.45375,10.114036,29.900515
-2.5106018,-44.100716,1.3783982,-39.138405,12.509387,20.950346
-2.7326548,-44.790783,4.100891,-40.441288,10.877432,25.71906
-2.6426399,-49.709953,3.1023812,-43.31431,13.854738,23.600714
-2.6450343,-50.575928,5.5515366,-44.20052,12.827441,27.010231
-2.4006982,-44.594997,3.0352993,-38.75651,12.304341,21.03799
-2.2256,-42.661533,0.76837635,-36.37646,13.16878,15.867655
-2.232932,-42.61835,0.5113895,-35.754894,13.629896,14.490426
-2.316886,-43.651463,1.0446277,-36.27221,13.8446865,14.696628
-2.463506,-45.61286,1.8445473,-37.65992,14.1493435,15.462796
-2.6544309,-46.053764,3.4647973,-38.89043,12.687626,18.620687
-2.6690311,-45.796383,2.6819007,-39.1295,12.316425,17.647543
-2.6000757,-46.49437,2.288758,-40.044773,12.270021,17.381468
-2.496577,-48.835922,2.876612,-42.258835,12.515381,18.443008
-2.353563,-53.97909,3.5281076,-45.88784,14.322696,19.010876
-1.9753674,-52.143852,-0.92904973,-42.7103,17.335325,9.3907385
-2.0673487,-50.532173,-1.7456005,-40.758293,18.302683,6.753192
-2.222095,-48.524666,-3.5279753,-38.465202,19.55235,2.6925168
-2.7637935,-49.677795,4.1401224,-41.95491,14.812298,18.219402
-2.6539721,-53.31119,5.0879,-44.50201,16.45154,18.947264
-2.5363173,-53.649105,6.710332,-45.34147,15.566367,21.69372
-2.5321007,-52.422024,6.246009,-44.710026,14.921486,21.33159
-2.414125,-52.133556,0.53197217,-43.144234,18.361103,10.506106
-2.5394177,-53.12519,0.59198284,-44.60204,17.82279,12.372837
-2.465295,-55.050446,-3.3043451,-44.91078,20.843805,5.1743402
-2.3743799,-50.842545,-5.9306793,-40.686268,20.814175,0.25278234
-2.2412229,-44.397713,-4.6130757,-36.1255,17.12415,3.0970237
-2.254878,-42.283142,0.39555597,-35.985638,12.80804,13.505766
-2.3042207,-42.544487,3.239364,-36.965603,10.921987,19.540442
-2.338952,-40.099663,2.879342,-34.925713,10.417094,18.718325
-2.4734845,-39.270245,3.0135756,-34.35135,10.176004,18.704782
-2.6335688,-40.578842,3.916993,-35.80303,10.067024,20.258856
-2.7045453,-45.797348,4.8265314,-39.873352,11.71043,21.560955
-2.39158,-47.084846,1.6867888,-40.031277,14.317528,14.6526375
-2.1846156,-47.925724,1.2728357,-40.843643,14.786001,13.205987
-2.0118065,-48.82131,0.22879839,-41.525253,15.61154,10.691566
-2.2728336,-49.115852,4.2320156,-42.97455,13.10936,18.581602
-2.4896443,-53.031036,5.3663254,-45.684525,14.243612,20.097555
-2.5159748,-55.100372,0.8239064,-45.201797,18.37593,9.912917
-2.8774214,-52.824123,4.6085024,-44.51791,15.067118,18.20541
-2.7265306,-47.887466,2.3614378,-40.343822,14.35524,14.423607
-2.6733418,-48.822067,4.480417,-41.40428,13.58227,18.905071
-2.7251866,-47.932247,9.90766,-42.903866,9.407384,30.665863
-2.5526538,-52.164307,8.384679,-45.92564,11.790499,28.211061
-2.4239206,-61.24983,6.109761,-52.06731,16.629341,23.816679
-2.7108607,-69.555084,9.870157,-59.504253,17.253553,31.388842
-3.0469434,-75.13787,9.355827,-63.168743,19.770441,29.654594
-2.8865633,-79.724785,2.1456437,-62.83122,27.095572,13.436747
-3.1569498,-83.57196,7.6723547,-65.79398,26.010931,22.362675
-3.282053,-94.55708,11.0150175,-73.22182,29.214642,27.36291
-2.8439906,-96.615105,3.1752264,-71.7359,35.821926,12.61332
-1.5101761,-87.70453,-6.7732496,-65.45233,37.083256,-0.6196798
-0.1710003,-75.91527,-14.355148,-59.282833,34.63651,-7.2615085
-2.0344348,-65.28922,-6.032399,-49.73889,28.077692,0.8980025
