1649,1444,1721,1597,176,1892,887,1797
629,1868,264,1262,194,882,836,1346
1202,429,1250,1004,1055,877,32,1235
1895,1360,340,101,844,2055,2161,1594
750,2195,878,1446,1034,1135,605,542
1808,1542,171,1364,1231,362,57,781
1389,454,742,753,237,890,2016,1403
25,1696,972,2109,1145,119,1082,1955
2139,138,1550,1456,1252,698,476,638
1044,564,674,218,1073,1118,2091,506
2160,1379,376,1476,96,2174,1296,270
273,315,1111,1639,1889,993,1483,1827
125,1857,77,1170,1902,1447,934,388
683,41,559,1477,149,1049,237,192
219,1970,2027,399,1298,9,516,841
1946,1308,277,1216,1861,1917,234,26
332,903,524,1384,1055,1589,1700,1700
1684,1139,532,467,1586,905,570,2213
2149,1647,4,37,1828,536,932,1213
337,395,1098,1636,849,687,1400,2141
605,1032,1299,1743,1174,1339,2044,197
1501,33,1039,476,2190,1372,193,2001
113,1061,1306,693,1463,1553,2187,545
1989,1914,462,1349,636,1305,1816,2084
630,253,34,1843,1798,1439,375,622
778,1466,1470,1108,1890,393,1018,1356
2203,1273,929,878,173,1201,1672,368
1377,2192,2012,1473,177,875,936,1435
1244,1706,2130,2073,923,932,1631,1547
414,2196,1017,32,1073,748,483,1159
1199,2,1251,2017,1208,777,766,883
1372,1291,106,1305,1827,680,416,845
1842,732,921,178,1994,1124,517,566
626,14,1691,593,428,1079,241,520
1026,1498,1186,980,174,2227,1903,16
2153,887,1292,1133,453,633,1801,1607
63,207,959,925,1279,564,1962,501
1665,595,558,2116,1970,728,894,1482
75,998,575,1275,1920,1383,1854,1530
333,239,86,1330,1350,1743,735,958
5,672,1456,997,1013,132,830,1518
1174,757,59,1735,872,209,210,1025
177,819,1139,889,1978,1547,2204,1458
1975,255,2200,1120,6,1155,2082,1273
1978,455,246,406,987,543,210,1334
960,1845,1024,1906,2042,1935,1362,606
775,101,977,1925,1437,405,742,504
832,1658,1176,1207,1210,1179,723,241
1854,1254,945,213,354,1177,1678,524
134,712,900,148,1283,1788,722,1393
1384,312,711,431,1624,1684,1612,1749
374,1120,613,2139,1619,194,2092,243
927,2005,2053,1035,1654,1554,338,1875
1497,456,721,1488,2247,1908,199,215
1656,2144,1205,1570,1795,323,2100,1970
28,1773,970,252,981,2146,2174,355
223,441,900,1865,768,999,1386,1125
2250,1533,826,812,976,1774,180,1075
1297,562,1811,404,500,1098,292,2188
755,1128,1016,894,1819,43,1492,2107
916,1240,430,1426,337,943,497,836
92,1118,2038,944,2023,931,741,1678
1354,2003,1529,193,1162,372,1083,1792
727,862,1581,976,1065,697,881,1490
318,152,428,1264,138,1144,1350,1106
250,473,1673,495,184,112,218,584
917,1653,82,1635,1400,219,2207,884
289,1799,1015,301,1045,2211,270,323
2154,980,198,1357,1186,51,1525,1624
468,1710,700,2183,246,497,1961,408
2081,1991,978,1499,134,1854,1228,614
571,919,543,1231,1489,2168,704,1975
126,1877,1812,592,1319,565,1977,1440
1544,2102,1287,800,2171,609,1041,1000
680,2206,1456,1459,945,665,2128,1448
1620,62,697,1370,577,1214,660,727
163,54,800,1259,537,280,279,893
219,1962,553,1990,2251,1205,749,967
1276,2260,407,1283,1838,1379,2095,488
2021,1806,1164,1401,617,2077,1092,1319
1375,629,2011,2102,651,285,228,1979
2094,1554,671,618,1640,2128,235,1423
538,754,338,207,992,1204,1294,1672
322,797,1936,2189,1129,106,1996,506
682,574,1826,459,912,1382,2122,1758
1594,86,655,479,1564,88,1575,870
364,1256,1312,1754,674,978,1350,910
1762,1841,1230,2012,519,1645,380,704
67,1869,1236,805,1923,1458,578,1013
1544,2098,397,1668,1193,1580,392,327
312,1876,582,1279,545,2238,744,1645
1307,1218,932,2077,1535,250,1646,1276
1644,1132,363,735,136,387,818,421
1015,111,1735,491,1295,1103,558,351
1085,2104,1542,999,25,339,401,503
2236,1503,978,1677,1921,147,99,619
332,100,575,1104,1271,694,667,1125
2004,467,883,2095,2189,987,1405,388
1602,507,868,1252,735,1566,2012,2041
937,1708,1961,2286,157,220,1493,552
1734,886,924,935,1633,1445,587,292
233,1133,1618,256,623,503,1670,612
506,633,650,2269,710,1095,1137,2010
1164,726,473,1053,1386,705,1486,1890
1919,1713,1095,1113,1983,1237,753,1837
1085,1506,416,828,2232,1960,1121,1157
1219,705,1661,1752,1790,571,160,1118
1821,2135,385,1178,1669,1290,1356,6
2170,279,1664,180,187,1187,1912,894
2044,903,495,1036,1563,357,31,780
549,1982,1212,1635,1852,1628,2153,833
1835,984,886,194,299,585,332,600
1620,1951,412,931,2071,959,421,1012
923,884,2269,769,161,590,1293,817
1273,917,1894,1792,1166,1919,1417,2239
1510,1421,722,500,200,806,1079,1756
1623,453,1052,63,2229,1933,10,1346
1932,1646,1848,1053,2169,1742,1360,1842
1767,463,695,1579,1022,701,2241,112
915,288,1360,2067,893,1030,306,1372
910,1088,2061,228,757,1985,1091,972
823,353,1917,1757,854,1960,2097,1841
1488,1991,1475,77,1116,310,124,887
462,1109,2066,1059,902,2222,2220,484
1378,312,1156,976,84,1082,653,1476
68,633,1710,898,1806,2069,556,536
1408,1632,339,65,375,2312,551,821
2267,1240,1048,464,1259,1799,829,1586
1801,711,1072,1767,247,1290,1157,1620
571,1246,1715,837,83,2247,472,1965
356,1896,1313,1206,1372,1988,1056,474
294,181,1166,1498,542,642,740,1722
752,1375,345,188,1848,740,984,738
1160,300,873,1293,2029,1429,372,1510
2058,1808,1182,769,1902,939,2281,1722
571,2259,516,564,2158,429,1929,956
2227,929,1394,1278,1351,2285,1486,1883
861,910,776,758,789,547,982,1286
1869,824,1112,2157,551,2204,2041,1416
1548,513,1854,528,2175,1657,1377,105
978,1749,770,1299,1816,754,2084,1719
490,1173,82,446,365,1954,244,2265
406,353,476,540,1307,1361,1226,1353
1800,934,799,737,2076,104,2136,713
289,657,867,1357,1378,1735,31,983
520,2124,735,1637,507,1114,345,163
2270,7,1410,353,662,423,4,2164
1710,1216,766,1643,1366,1153,834,1679
1967,921,333,1670,489,1979,236,22
1689,2192,644,1898,208,102,372,1798
939,2204,194,13,958,1975,385,2057
774,2227,964,297,342,695,1401,606
1753,87,2068,632,1959,388,559,1561
1933,95,290,1074,604,1016,2264,100
2277,2278,2192,2032,122,1286,72,1836
1139,2110,43,1442,978,1523,1378,2342
2053,2072,1813,2172,180,1685,611,1747
26,1979,2135,1989,402,214,2091,420
462,541,531,127,584,718,214,686
1547,2315,620,1142,2047,1508,12,628
952,335,2125,1903,595,1687,523,2042
1192,234,757,333,2267,1285,2129,10
1393,1934,78,861,49,799,1833,702
2346,296,1186,2322,1284,1182,733,165
1977,9,460,638,64,292,844,100
772,1343,2306,98,2237,68,1453,2323
1620,267,1422,2051,992,1861,1748,1855
2235,957,62,1168,994,2363,63,216
1192,606,2099,7,237,1950,1659,819
1583,556,1937,694,2056,243,735,1189
1978,1103,1662,1571,80,1519,164,1
939,1594,1440,88,1415,1588,1211,116
2119,1169,595,1782,857,2138,1071,1823
2145,236,1775,1944,2361,961,1198,269
1709,1690,1714,935,1517,1878,24,2009
1695,811,1721,1606,486,2230,1452,612
820,803,782,2109,228,233,1030,1570
518,2216,1292,693,1520,2295,2007,1739
170,1075,2122,443,840,1306,1998,438
2220,812,1872,1392,2167,1949,1850,984
1357,850,1523,990,2191,1278,2139,2099
81,1243,97,930,1421,1927,2263,339
322,82,1484,1091,1447,2073,1306,103
2088,944,2308,1706,42,780,1719,79
594,851,232,1,143,178,2023,199
1679,1640,2214,806,467,2278,60,1029
547,2100,1252,754,754,457,936,1082
40,1869,1841,1086,580,1667,1476,152
904,832,361,1536,2115,3,1657,1203
530,82,377,2252,1061,1779,1801,1542
1226,649,1407,671,806,1928,272,2370
1525,1237,292,1769,1872,1923,367,1551
2333,891,125,40,2275,1172,92,1436
255,404,57,2190,2196,1207,1023,1478
1734,2134,1764,934,1573,2205,346,378
1268,1926,1277,628,1602,1096,879,555
149,951,2351,394,1706,325,2362,2283
768,374,127,563,599,511,1137,1043
973,239,583,12,1317,199,10,1403
800,2107,1424,1191,1124,672,1113,1591
2283,584,920,1548,2107,605,1951,639
1784,923,1497,210,1187,1875,1344,353
1824,1875,475,2311,1326,1211,265,255
2344,487,2206,1862,1862,1972,1814,591
825,1829,1206,2188,2188,256,132,1199
276,343,1192,1845,1854,1514,1964,900
916,379,928,1594,2394,1134,1686,2337
2283,207,1961,1427,1353,817,1250,1841
1375,129,44,1803,916,985,2348,273
390,861,1873,244,1335,1738,2254,136
2094,849,2170,1836,1269,435,796,1350
1529,735,51,1386,345,855,512,2045
1290,2403,1985,1550,362,1371,1752,1478
2030,844,2363,2390,900,10,46,1737
346,570,788,836,1198,1605,203,1980
877,358,1902,2010,1783,2335,1897,717
1216,2386,190,105,271,1299,242,361
1204,445,1404,640,1098,795,2224,464
2171,1745,1317,1038,1274,2048,2340,188
2412,189,2033,580,406,28,1879,721
98,1734,673,1884,1779,2372,91,392
327,955,973,1698,1801,1063,1879,1760
1004,1384,2364,1228,192,664,634,897
646,1770,1939,645,1918,2328,1143,310
1638,1324,215,1075,1218,1893,1237,1937
1612,389,1384,2297,661,2398,2185,2380
1943,1557,251,62,491,975,1251,2201
1317,1990,1039,2279,256,946,557,532
1950,195,2400,1960,1404,508,2395,1234
559,1361,53,1067,206,1167,85,425
1746,129,2095,240,1596,177,1205,2012
2383,95,722,2222,288,47,462,1626
575,1851,1197,1693,1985,347,927,319
852,606,1491,1431,1486,1816,2153,2424
1982,1995,420,1836,1622,802,1553,2182
1225,493,998,813,262,290,1929,1123
1536,2410,298,2198,1694,2272,151,257
1089,1199,160,1961,1453,1287,1205,1540
2208,851,1810,1578,489,718,738,1778
26,640,406,2190,187,1760,897,2252
1090,1040,1997,1076,1642,1218,1445,965
1871,1801,1390,572,656,1072,770,2233
155,1230,54,928,60,1748,512,1786
1293,570,1269,2053,2274,1049,1925,1071
143,1060,1519,2360,1232,1692,821,384
2332,321,1043,2392,2107,384,1661,1159
2260,2246,2101,2414,2204,281,483,2321
1115,1444,1930,219,1848,1408,2106,420
607,941,356,1242,378,1275,1111,1778
565,2407,2357,41,528,2237,1368,271
753,1604,1246,2257,68,68,1516,213
5,2209,1087,2275,2205,1749,442,861
1471,1755,998,1642,1250,278,1589,274
2065,228,1049,780,1550,968,341,1497
122,2158,2411,900,2342,990,1205,372
562,2351,1054,2264,930,2152,462,1215
1013,690,1378,886,540,1324,731,1522
1243,1166,1831,658,1481,208,1685,1915
1217,942,531,422,684,2137,2425,1808
863,605,1153,1973,1580,1379,675,2144
377,2259,1016,476,2173,679,137,882
279,1102,2390,1670,1411,1484,2369,443
1196,2237,2138,229,1475,1057,780,554
1813,556,1261,1647,1994,87,1290,2007
6,2190,1395,2089,1915,1355,85,294
2082,1767,776,2177,867,1256,1261,441
234,1831,728,221,2336,739,600,169
287,1267,158,910,13,1757,1170,646
1070,1166,685,1765,1984,216,997,2381
1949,1153,272,1624,1877,122,102,1439
129,2061,1858,1659,172,463,1049,2021
1813,262,2344,1791,1660,1775,1066,711
578,1507,984,1770,867,1883,1196,194
1909,2245,61,2063,244,2256,79,825
343,785,68,2194,314,1114,1291,478
113,113,1926,1275,176,1583,2194,1279
2029,16,719,1902,2168,73,964,692
616,804,1044,1465,2143,2020,1862,1630
2094,2385,552,1820,1917,621,1892,986
1186,857,2275,1642,1152,1038,1804,1357
1960,1751,701,1356,146,1101,923,1490
147,2135,744,1273,804,268,972,919
1572,1200,2134,1544,2028,908,192,928
1412,1210,2018,245,1979,489,234,1910
1834,1158,1127,736,1745,1619,1521,2372
1797,1896,610,1262,1740,446,349,1946
1431,2043,1263,1507,2197,2272,1170,1547
1208,768,146,276,1622,383,523,18
1386,845,123,1259,1788,1046,1852,1599
380,423,372,1089,1872,494,926,985
356,2215,2092,1167,1308,1503,1678,1009
46,2381,2391,104,1029,1824,93,1588
2228,2456,169,2444,1858,168,509,1688
248,629,2043,1325,1858,514,805,2321
2447,1969,2161,1410,1423,1988,1749,1105
126,1835,2251,1749,173,689,120,1547
645,1978,1048,512,1154,1390,1589,2096
1022,1410,1195,288,1900,1510,1653,2138
2239,131,2387,1018,665,915,2288,2453
1929,1006,451,26,507,156,248,2331
311,457,1175,2159,579,2316,814,320
1829,1845,121,2464,813,1622,653,2223
2160,1070,1159,917,1366,307,1780,187
565,2296,1685,1389,1705,1987,2213,1866
1899,1562,1557,1978,2307,79,1058,2385
2033,36,1000,1560,231,1246,2121,2028
1036,422,829,450,1504,2437,1545,1636
2294,247,137,169,382,811,1466,1158
824,9,747,636,2136,2205,1360,682
2250,722,1383,1688,2017,2286,1780,731
1425,2121,1795,976,1813,1450,1348,2198
1623,2291,1401,497,1278,1460,811,1424
1623,2125,1488,2441,814,2020,1693,2255
1291,101,363,10,2297,2332,1567,564
1031,2088,22,162,726,2419,368,2260
816,548,451,2432,544,2379,1158,1087
343,1571,1889,679,1684,1196,2406,94
1196,2498,1657,2268,1567,1670,352,1548
1110,1184,2274,2114,2335,2112,1132,1286
1307,1666,1056,1956,2514,219,1543,2102
1105,637,66,1089,1315,2250,526,2305
410,775,2177,2292,984,561,1057,1279
56,1110,1115,1203,1144,2408,527,1948
1242,2219,440,1455,2045,460,2311,1463
1600,184,58,1912,418,109,338,1066
675,638,2168,1049,1147,479,438,2187
1752,758,778,1822,2206,973,1636,2467
468,413,1939,1184,757,2366,1395,1579
2000,1151,1209,173,1324,2404,2294,597
1284,1645,990,289,2515,1451,1744,1740
2017,1075,2303,55,147,1500,2256,2149
17,1871,232,1262,2037,199,811,749
1152,192,296,434,331,2457,1188,2255
635,773,2367,1790,1170,624,2422,230
1545,1780,880,643,716,501,1010,1659
1948,1602,1718,1203,805,1704,2101,622
2136,928,1219,1093,896,516,904,173
705,1718,1298,214,1105,349,2476,1549
1739,2494,2292,2476,1741,587,1377,1868
373,868,1652,1749,2479,1226,1922,479
1171,2521,2506,385,948,2031,829,893
400,1756,679,1015,0,62,1999,449
350,1839,229,2467,1057,1625,2187,1509
2515,1921,2108,2146,1047,162,1537,2090
320,603,1626,2221,1346,593,2134,279
2300,1081,1438,461,1909,822,1267,101
1719,324,1656,1281,1935,2405,2483,712
1997,1074,1534,927,925,1012,1335,2121
1603,1825,546,2015,2324,314,1042,2089
1277,1886,2082,440,1383,2532,237,2171
1004,477,1114,2539,1337,1222,442,1158
2356,1826,2478,562,2353,539,453,705
444,1814,2308,317,2003,1750,2432,632
766,2259,356,909,45,2063,1470,2508
2504,607,121,214,2185,1918,576,217
1139,2119,2035,313,53,2335,1171,132
1044,55,33,1458,1586,260,1120,348
1944,132,152,347,1499,333,2318,552
2257,1631,1824,1234,2423,27,1137,326
1709,1791,543,580,2314,826,1164,679
1405,969,2379,517,2084,405,968,1542
712,1793,883,430,1940,278,102,167
1185,1612,2294,1842,1791,872,2338,389
2410,1438,1668,2252,2499,1669,1004,1114
2346,878,29,1554,2259,1303,806,1645
1651,2248,185,210,826,541,2293,1739
963,1931,2186,2227,23,2368,2209,1200
1872,1147,2310,1483,1535,1769,2175,792
1348,1311,2369,2447,1417,1495,2049,488
1093,2058,1799,500,734,513,1067,1786
975,325,1123,1757,2088,1842,1553,1793
1615,1698,470,1845,125,799,2164,2110
880,635,1823,265,988,750,1075,420
2081,2381,805,2065,1513,1873,1725,1702
683,198,566,972,1859,2316,46,273
1135,1440,1766,1366,1068,2002,1801,1614
43,1320,2303,551,2069,1228,276,1107
2487,1561,2453,1616,489,1588,971,2029
2471,526,1737,874,1806,2245,1825,1846
1448,1070,1741,553,679,25,2016,646
1834,1735,1430,2284,1984,489,97,379
841,367,1149,1218,820,330,2564,2530
2329,1004,1395,583,1301,1631,1532,2341
1764,2432,2170,2249,1686,2210,1411,1234
726,326,141,830,2075,830,2333,1391
1721,1033,725,1248,2058,2087,1776,975
1871,2335,578,894,300,497,1767,2517
1994,2056,1317,297,621,977,116,1800
577,1337,2299,2571,781,2002,1248,2571
1301,378,565,2581,2534,294,186,407
1555,185,1026,1620,368,732,1123,2386
1211,2253,2223,439,1874,798,1380,2199
2099,2257,1540,383,65,2027,1009,1381
2022,476,2409,2298,1065,2295,2513,1813
252,2467,1331,1651,927,864,1239,1472
654,1454,2030,422,1986,2542,1052,314
190,2010,1721,218,748,2573,2583,465
369,1465,2544,63,851,1718,1339,315
1982,1415,2444,2046,2275,1101,2337,1130
2296,179,1102,2007,1826,898,1534,2406
1068,1651,2016,2197,962,2041,774,11
319,604,438,2542,343,1556,964,1230
72,940,1727,2365,1167,669,221,2451
2574,361,2407,125,18,2468,2334,1093
1222,39,688,1657,1550,1359,1315,768
1149,1128,393,734,105,1966,1657,1149
1390,95,1445,1500,2420,1074,1927,1926
1769,2244,483,1424,162,456,1847,101
2127,2312,2401,2009,2313,1608,1442,86
2013,1701,1017,662,634,1183,1408,1874
0,2442,1836,929,2456,438,1584,2190
1071,1734,2017,908,208,506,1962,1651
2413,296,122,2061,192,1293,1947,2248
174,401,1959,1932,1752,1109,2540,433
1834,1717,2313,1816,296,2608,1343,2023
1138,1769,1211,1571,1507,1945,2198,335
1171,289,2073,1184,530,134,164,1273
1078,380,1878,2240,1885,966,1511,2023
2299,1877,471,1416,871,1027,1501,1059
2258,2088,92,559,531,1796,1733,1417
366,962,1173,987,553,534,165,647
914,1232,1656,1163,564,1616,223,950
2609,984,1343,832,533,1059,148,2079
2376,1275,2093,1471,822,2302,1137,2272
782,1458,791,1438,1974,596,351,783
560,671,2590,2581,1793,1925,780,763
1528,825,1149,1896,863,1017,265,1013
1837,551,668,529,33,2541,2250,220
87,2333,500,1570,2389,570,700,971
1458,1597,1581,1976,237,251,604,1608
2417,377,1247,498,283,1475,118,1372
687,1342,545,1281,1285,2257,1179,1712
882,888,1669,1413,1250,938,1743,1841
2620,2138,357,1582,384,1624,2087,262
581,97,250,1378,2512,2325,364,2202
1601,1760,1887,1670,1134,2021,2599,2497
294,1361,2360,1660,919,1371,567,415
187,1142,134,1236,27,1996,2561,652
1798,779,1472,1661,60,213,261,1900
431,325,2297,2507,2602,1640,1512,2325
1827,1003,2064,741,281,1155,1971,176
2519,761,2252,1819,1396,1663,1382,1314
1720,1371,919,1540,1761,2490,869,802
2386,2463,1569,1620,1478,411,947,1782
1446,814,2143,502,347,2207,1547,767
1663,170,942,490,1485,1908,2367,1334
1280,92,1337,1820,2064,1452,288,514
1681,2503,2332,1338,1910,1702,1437,764
1633,1936,1882,1434,2392,714,1854,1692
1801,1889,1609,769,43,1616,1473,938
1760,1975,1757,2578,1635,471,341,549
1168,2003,2392,957,2397,2623,1267,479
1769,1628,1247,588,728,1898,1641,751
947,43,2398,1640,1911,2144,2278,1094
879,1616,702,483,1559,1882,1413,1161
335,2550,2510,714,762,2529,2224,2605
246,1443,357,2295,197,2597,1255,187
277,158,1473,1151,501,2183,2338,1803
1595,87,565,1677,943,2069,1141,1
1691,940,2465,2612,1031,762,420,2397
970,872,2261,1058,51,1319,600,1156
265,1296,91,2122,500,2078,448,2387
608,2550,2545,2016,590,897,2250,2348
1650,2171,1009,1988,1534,2128,1834,1505
1866,201,2529,129,1191,2244,573,2045
2214,1481,2100,707,2090,1840,2573,767
837,1687,397,2002,1145,373,980,2311
2100,2065,2391,1433,2629,802,1220,1444
1966,1955,1081,0,2324,406,1876,135
1485,52,686,1962,2322,364,146,851
932,858,2582,2230,764,1118,665,2108
1828,2269,324,2213,1230,108,1921,2399
224,930,515,651,2489,2325,2134,633
783,1292,1389,2368,1936,1,2111,2291
1624,79,16,2177,658,371,1226,625
1351,892,172,2515,364,1794,807,264
501,1207,1209,2581,345,1860,1161,1195
2395,1554,569,883,1458,1444,1802,1967
462,491,138,2132,2634,569,1271,95
430,1956,363,1558,428,51,611,802
2337,2305,76,607,1241,803,353,198
564,1959,865,2072,965,1067,2319,764
859,341,1534,2658,931,2434,1756,2384
1787,2209,163,1126,1681,831,2599,67
2326,1809,2406,2086,1565,2490,1010,2499
2295,1799,2229,58,986,2307,394,845
2321,1252,1039,1700,993,881,1310,2669
2602,1660,760,2522,2460,254,1635,1140
1217,825,2142,1331,2242,234,1183,2427
1016,2012,2587,1758,2212,2652,1979,1476
1365,2388,2138,2487,1631,1257,1497,324
2027,984,826,2577,734,233,1746,370
1621,1439,2376,2629,384,2376,188,2629
1878,865,2129,973,2215,1358,2384,1583
1037,1750,43,1687,2662,913,891,1925
1037,683,1956,1417,2545,594,186,465
707,1243,210,2,182,270,2407,684
1022,1658,886,2469,314,1585,2536,2011
1264,1882,234,2583,823,2131,2152,2471
2555,918,1476,1699,2387,668,1995,1982
1304,293,498,387,2505,965,2535,464
1299,1579,1828,2260,116,159,1468,1910
2616,1375,45,2385,1734,794,1019,917
1721,261,768,209,1199,1522,1039,42
164,2345,544,451,866,2662,92,2527
1443,1963,1757,1471,1988,1918,1164,1454
283,1827,2124,797,935,1448,1484,81
2446,951,1289,825,1770,1482,1370,2270
2313,321,244,2674,135,782,102,196
2121,308,291,2443,1100,98,102,1250
2516,2499,1259,1141,2531,454,2509,2449
448,889,779,263,2101,2544,780,777
466,142,2343,142,681,1418,1771,992
152,2442,2451,1958,1166,1870,842,2386
1431,166,2672,2644,2099,705,336,2548
2416,1822,2428,624,163,2183,1735,328
1355,1497,189,691,2488,2489,1520,1161
1920,1191,2453,605,884,2513,130,982
2082,2415,173,1611,1482,668,1620,690
2171,2172,1415,2437,457,1631,1418,771
505,2040,2615,2497,498,924,1791,81
2252,2295,971,976,1035,591,1698,1393
45,1950,965,2092,2639,2020,1048,683
152,1728,2684,1579,98,242,660,1723
1363,442,2493,1946,2716,539,2392,845
1904,253,1993,1868,1161,2429,186,797
59,1711,1354,2297,154,2029,484,2549
2203,2270,1172,1250,1459,238,625,2000
363,2529,580,783,1496,1229,9,1822
667,2099,2580,2181,161,1837,33,2054
1282,656,11,95,2530,1399,1733,2645
339,1123,1497,1210,2462,1934,1558,1386
2042,333,1936,2024,758,1393,1841,2155
280,1342,2140,2170,315,2083,1683,1636
392,2577,1688,1861,1631,1302,2641,2327
1695,1064,1124,571,2322,1298,2086,1154
92,2565,2625,177,2701,777,617,209
680,803,358,208,1507,174,2575,378
984,645,1557,1714,964,1144,33,806
1410,2574,1452,330,2254,418,2191,2730
2052,1635,2334,900,2500,1886,1559,2085
548,245,2645,937,2722,839,754,1096
1120,50,1012,815,920,2222,1280,325
2527,289,2098,824,903,506,496,919
2271,1325,226,1549,1311,838,1015,1878
736,2686,1237,1104,1867,2371,442,1924
408,744,1044,694,699,1808,2512,2220
1150,838,2149,176,2119,2297,1584,2591
1319,2191,951,2260,1777,640,1087,2300
160,733,1741,487,1577,2031,921,935
742,2186,660,182,202,2693,1307,2218
2160,1869,100,190,723,1578,1074,2601
1528,2019,526,2718,1407,1343,1511,1633
1797,217,1798,443,2342,2395,756,2556
1743,43,188,115,69,919,990,609
1464,822,2362,1041,1843,1123,740,950
2198,2586,563,2440,980,1358,2142,389
2648,2036,2317,39,182,380,320,2041
1023,629,860,1499,2483,321,277,2606
1115,2568,758,2355,1625,1992,2717,2607
1943,2008,2164,732,112,2387,2458,2515
883,2673,1231,112,1659,880,1769,1354
1436,2619,2054,1903,693,1141,2481,674
1929,1575,850,2708,1493,958,1589,652
2371,1163,1812,1288,701,2624,2462,1106
1177,1845,2049,2741,44,1604,2387,276
1808,1642,425,1063,2434,905,1168,1516
1578,2404,644,210,351,336,1424,661
1672,199,1011,1008,1677,1190,1342,537
165,1676,2550,761,1390,619,664,1514
1799,1859,1115,558,768,557,895,858
567,2526,2381,775,413,2611,179,907
2631,1572,950,885,1418,1049,1754,2547
2429,784,1958,455,673,2226,2219,2077
2476,484,1920,162,1462,1641,1144,1158
2323,1545,1672,1287,1615,704,1644,1914
544,63,2754,965,1266,2716,2034,2080
65,556,2126,2455,352,1006,2248,1557
1605,379,465,585,1494,630,2433,2200
2443,57,1159,1955,1664,1290,2637,2521
531,2523,2508,15,2713,1196,263,2404
1711,279,427,1599,206,1846,1133,722
2658,553,568,838,2438,1477,95,1781
2156,2206,2428,1695,565,570,707,811
1812,900,1576,698,1520,1606,2324,351
1069,2660,2242,1877,224,746,2678,294
1187,117,1344,519,233,1744,1706,2333
2165,2243,2456,714,106,491,2031,1802
494,1386,2393,898,1869,1359,1710,841
1310,969,2025,666,2261,1318,1255,775
1081,1435,1526,2709,2079,225,2057,2086
1507,1046,2693,1696,2223,2096,1198,1854
1252,1882,1796,268,2079,1828,336,1663
1575,2207,1484,1161,1596,1583,1855,1740
493,1375,1926,1222,2052,1695,417,2099
1683,1034,2614,2621,1316,2247,1830,1784
2617,1199,2020,66,2282,2604,1409,1229
1295,1752,191,1579,2392,2542,2272,548
2556,265,1032,2069,517,2002,1679,1389
498,1795,1785,692,2084,2022,2136,2528
770,81,1839,433,2787,2589,25,262
233,88,1425,2590,588,1509,2733,118
641,1779,1939,1155,1090,1132,1216,2515
2436,533,213,581,2241,988,2780,948
1248,1193,80,716,591,1898,440,1660
755,1665,2049,2435,836,2425,869,1674
561,2557,1556,1543,2325,2075,350,1427
907,504,1039,1076,1177,525,297,43
1344,1481,2756,1765,1864,635,806,2741
1842,2251,1461,1582,1284,307,2291,701
474,2232,875,1529,2776,1547,718,1691
1154,1443,1048,2306,2375,300,442,213
131,2135,1377,454,1674,2623,1138,2046
2167,2689,2136,780,881,466,2174,937
1790,101,1041,1385,859,2417,1961,259
782,2369,1526,352,1993,2338,928,2204
1933,2610,2607,1789,637,1156,2186,1955
2048,2406,1314,707,977,1408,2719,1416
294,1706,1719,1515,2171,457,2554,2295
49,244,1963,1952,267,2383,582,644
953,1948,604,637,133,442,1784,1804
1042,828,498,268,273,2275,2816,692
2672,1577,1441,1862,1431,2508,1732,130
935,2680,915,866,246,2027,2793,168
1445,2510,1015,1538,1294,2604,1155,222
555,105,329,1969,154,1404,1784,139
2427,2810,2198,249,1297,203,685,1663
2129,2051,2317,35,1388,844,247,1260
696,241,146,1872,1320,1397,1891,401
1892,2511,462,1447,1993,1876,1802,1868
545,662,1316,538,1677,325,673,2494
1794,244,1480,133,535,176,1862,2096
122,10,2148,2032,1136,1152,388,2300
531,2515,2624,1178,2772,33,721,2521
328,1375,26,1729,2497,1275,172,2047
2590,691,2721,2601,396,2796,2009,2808
549,2214,87,1624,387,2728,2358,1019
121,448,710,2081,1663,443,1122,629
1267,450,1816,2793,249,1163,1548,408
921,1556,1145,863,1137,1239,890,1371
869,1301,1570,2409,1676,2710,707,118
2743,1878,152,1583,414,1399,804,2373
1289,155,894,282,2053,353,5,1328
2171,2815,434,2147,696,562,1614,2275
2512,1406,1821,2242,2208,2582,2233,980
1224,1972,2292,924,718,513,1690,2251
2475,1432,2372,1733,2455,535,519,1370
1271,655,1805,995,1048,2136,593,850
1145,555,2397,2053,1036,1450,961,2287
1864,385,1974,2049,2478,153,2271,2117
23,2569,1464,1907,1366,389,542,1053
419,2169,1581,825,420,2122,1982,1451
2016,2154,2403,156,2560,2510,2348,1564
2240,1145,1788,999,1662,2542,444,233
88,1216,1601,961,526,261,2205,2012
2311,2466,1931,1175,2112,2213,860,336
1175,498,324,1134,1299,1277,883,472
2060,304,1913,2112,2363,2492,1359,1241
2452,1100,2357,1897,662,2030,1590,279
2421,1607,2658,2435,158,2372,2149,161
1442,1093,343,2424,1352,2007,1017,1271
1188,2220,554,2539,737,1144,2669,768
184,1694,2600,2410,584,817,2608,1123
2587,1044,2684,446,823,1232,883,423
582,1970,145,935,957,24,143,1044
2383,646,817,798,1184,2245,2442,260
1267,424,934,1968,2449,1595,1375,2579
605,2124,1780,1376,1265,1719,1084,2771
1313,2613,2636,1782,2434,561,760,776
1685,479,1922,1779,922,2502,1521,1821
799,1780,2507,2607,1815,160,2011,799
1566,852,76,2233,2193,1959,831,1055
1790,1690,69,62,994,217,810,1560
1833,701,455,2516,825,248,1800,1425
720,323,2181,651,870,2233,506,531
2474,2184,830,339,469,2095,942,2376
148,1271,2827,1266,482,1883,374,2247
765,489,1187,685,173,1008,240,1785
1941,918,2038,2522,222,461,1967,1125
2012,1590,597,1350,2037,837,2149,2161
2559,1001,65,755,2728,1178,2642,2147
852,1798,1437,2645,348,499,2743,838
2610,299,1059,2138,1260,1288,1478,569
2228,0,1834,1770,1189,2281,294,1638
438,669,133,2332,752,2480,9,1617
2454,754,2127,654,840,288,388,69
2565,1110,1206,1229,349,270,1143,385
2391,1878,994,2518,211,1875,2187,393
368,1331,655,1156,1226,810,2166,574
437,38,968,2029,1168,2177,317,108
1716,1044,2385,144,837,2453,1607,302
2824,989,196,619,1989,2843,1045,258
1208,2274,362,849,1590,2726,1497,2131
332,1019,1480,1780,936,2865,1730,1745
2372,2745,911,1960,982,745,636,2629
1762,811,589,459,2002,1995,1787,2054
662,1628,1792,828,2238,788,304,2376
1236,2357,97,333,1861,754,530,1780
2656,1757,1449,1485,1720,713,1081,1368
1879,1760,120,1711,2067,529,542,2796
1818,418,1402,2216,869,92,1864,1686
1578,1190,1238,481,179,2788,1995,233
2278,1903,2772,2121,1252,1882,276,160
888,628,362,843,380,583,207,2223
2867,1507,2504,2078,1854,2017,2595,2173
1704,1402,767,405,2886,1787,2325,2138
2673,244,726,1956,2727,928,1913,2007
1109,2668,2560,1814,2332,1934,10,938
931,2122,124,2731,1019,1650,2111,2460
637,449,440,201,1385,512,1704,1073
2788,259,2899,1571,1862,908,302,608
223,791,2871,253,1658,136,1866,2187
782,832,629,200,1734,1464,2132,2769
147,1961,2133,2444,569,1397,1159,128
2192,1739,1992,1617,1132,2552,2459,2076
495,2403,656,2317,922,1675,1207,1731
897,1703,1498,1374,1353,2500,2576,59
1569,1316,2351,506,163,2675,1590,2308
313,1362,361,404,2782,1928,2228,2907
599,1241,1008,1347,2738,2432,226,2732
1950,609,2910,1479,247,1872,694,2658
946,1937,1442,2736,2227,197,291,748
2320,214,809,2278,1454,237,1871,2437
59,861,2589,1842,1783,2438,837,2407
2896,955,2682,2618,773,446,11,1476
2360,1492,2576,1094,759,2897,2254,1989
2527,675,2005,1664,2552,532,900,2467
2210,1231,1106,2889,572,1179,2230,2646
2192,490,1540,493,588,452,1826,1504
741,1844,2,1028,510,2604,972,2746
2206,564,1636,2876,1908,1320,1888,2798
2302,1905,202,2689,2581,882,518,1555
2381,2918,1864,1976,2270,2050,1688,2264
1322,483,2825,2,1911,2106,1333,2499
1175,1566,2787,1079,1916,2142,2389,2011
1702,1567,2807,2463,2710,207,700,1581
1802,2862,2342,588,1240,2083,1987,2368
