"[['255', '255', '-106'], ['255', '255', '-106'], ['255', '255', '-106'], ['255', '255', '-106']]",9,209,189,40,0.0624539852142334
"[['255', '255', '-106'], ['255', '255', '-106'], ['255', '255', '-106'], ['255', '255', '-106']]",9,209,189,40,0.03938126564025879
"[['255', '255', '-106'], ['255', '255', '-106'], ['255', '255', '-106'], ['255', '255', '-106']]",9,209,189,40,0.0638277530670166
"[['255', '255', '-106'], ['255', '255', '-106'], ['255', '255', '-106'], ['255', '255', '-106']]",9,209,189,40,0.031941890716552734
"[['45', '65', '-106'], ['255', '255', '-106'], ['255', '255', '-106'], ['255', '255', '-106']]",2,149,209,40,0.03487825393676758
"[['45', '65', '-107'], ['45', '65', '-106'], ['255', '255', '-106'], ['255', '255', '-106']]",2,149,209,40,0.04591012001037598
"[['45', '65', '-106'], ['45', '65', '-107'], ['45', '65', '-106'], ['255', '255', '-106']]",5,189,209,40,0.04684162139892578
"[['105', '45', '-107'], ['45', '65', '-106'], ['45', '65', '-107'], ['45', '65', '-106']]",5,189,209,40,0.04488062858581543
"[['105', '45', '-108'], ['105', '45', '-107'], ['45', '65', '-106'], ['45', '65', '-107']]",5,189,209,40,0.047872066497802734
"[['65', '45', '-109'], ['105', '45', '-108'], ['105', '45', '-107'], ['45', '65', '-106']]",10,209,179,40,0.0747990608215332
"[['65', '45', '-108'], ['65', '45', '-109'], ['105', '45', '-108'], ['105', '45', '-107']]",5,189,209,40,0.029921293258666992
"[['65', '45', '-111'], ['65', '45', '-108'], ['65', '45', '-109'], ['105', '45', '-108']]",5,189,209,40,0.03689885139465332
"[['45', '75', '-109'], ['65', '45', '-111'], ['65', '45', '-108'], ['65', '45', '-109']]",5,189,209,40,0.04787111282348633
"[['45', '75', '-108'], ['45', '75', '-109'], ['65', '45', '-111'], ['65', '45', '-108']]",8,209,199,40,0.04488039016723633
"[['65', '45', '-108'], ['45', '75', '-108'], ['45', '75', '-109'], ['65', '45', '-111']]",7,209,209,40,0.048880815505981445
"[['65', '45', '-108'], ['65', '45', '-108'], ['45', '75', '-108'], ['45', '75', '-109']]",7,209,209,40,0.07378983497619629
"[['45', '55', '-106'], ['65', '45', '-108'], ['65', '45', '-108'], ['45', '75', '-108']]",8,209,199,40,0.031914710998535156
"[['45', '45', '-107'], ['45', '55', '-106'], ['65', '45', '-108'], ['65', '45', '-108']]",7,209,209,40,0.03390932083129883
"[['45', '45', '-108'], ['45', '45', '-107'], ['45', '55', '-106'], ['65', '45', '-108']]",7,209,209,40,0.07280421257019043
"[['45', '45', '-108'], ['45', '45', '-108'], ['45', '45', '-107'], ['45', '55', '-106']]",7,209,209,40,0.07280421257019043
"[['45', '55', '-107'], ['45', '45', '-108'], ['45', '45', '-108'], ['45', '45', '-107']]",7,209,209,40,0.06881523132324219
"[['45', '45', '-108'], ['45', '55', '-107'], ['45', '45', '-108'], ['45', '45', '-108']]",8,209,199,40,0.04687690734863281
"[['45', '45', '-108'], ['45', '45', '-108'], ['45', '55', '-107'], ['45', '45', '-108']]",14,209,109,40,0.04587388038635254
"[['45', '55', '-112'], ['45', '45', '-108'], ['45', '45', '-108'], ['45', '55', '-107']]",8,209,199,40,0.0718085765838623
"[['45', '55', '-112'], ['45', '55', '-112'], ['45', '45', '-108'], ['45', '45', '-108']]",8,209,199,40,0.0718085765838623
"[['45', '145', '-109'], ['45', '55', '-112'], ['45', '55', '-112'], ['45', '45', '-108']]",8,209,199,40,0.0688178539276123
"[['45', '145', '-111'], ['45', '145', '-109'], ['45', '55', '-112'], ['45', '55', '-112']]",8,209,199,40,0.04886674880981445
"[['45', '55', '-113'], ['45', '145', '-111'], ['45', '145', '-109'], ['45', '55', '-112']]",7,209,209,40,0.07280731201171875
"[['45', '55', '-113'], ['45', '55', '-113'], ['45', '145', '-111'], ['45', '145', '-109']]",14,209,109,40,0.07280731201171875
"[['45', '55', '-113'], ['45', '55', '-113'], ['45', '55', '-113'], ['45', '145', '-111']]",10,209,179,40,0.0668177604675293
"[['45', '145', '-115'], ['45', '55', '-113'], ['45', '55', '-113'], ['45', '55', '-113']]",8,209,199,40,0.04886960983276367
"[['45', '145', '-115'], ['45', '145', '-115'], ['45', '55', '-113'], ['45', '55', '-113']]",7,209,209,40,0.047873735427856445
"[['45', '75', '-118'], ['45', '145', '-115'], ['45', '145', '-115'], ['45', '55', '-113']]",12,209,149,40,0.0698554515838623
"[['45', '55', '-119'], ['45', '75', '-118'], ['45', '145', '-115'], ['45', '145', '-115']]",14,209,109,40,0.031874656677246094
"[['45', '45', '-121'], ['45', '55', '-119'], ['45', '75', '-118'], ['45', '145', '-115']]",10,209,179,40,0.03589940071105957
"[['45', '145', '-122'], ['45', '45', '-121'], ['45', '55', '-119'], ['45', '75', '-118']]",8,209,199,40,0.046872615814208984
"[['45', '145', '-123'], ['45', '145', '-122'], ['45', '45', '-121'], ['45', '55', '-119']]",7,209,209,40,0.04788541793823242
"[['45', '75', '-124'], ['45', '145', '-123'], ['45', '145', '-122'], ['45', '45', '-121']]",7,209,209,40,0.04586434364318848
"[['45', '55', '-127'], ['45', '75', '-124'], ['45', '145', '-123'], ['45', '145', '-122']]",14,209,109,40,0.07579588890075684
"[['45', '45', '-127'], ['45', '55', '-127'], ['45', '75', '-124'], ['45', '145', '-123']]",8,209,199,40,0.03390979766845703
"[['45', '45', '-128'], ['45', '45', '-127'], ['45', '55', '-127'], ['45', '75', '-124']]",8,209,199,40,0.04388117790222168
"[['45', '145', '-129'], ['45', '45', '-128'], ['45', '45', '-127'], ['45', '55', '-127']]",7,209,209,40,0.035902976989746094
"[['45', '55', '-130'], ['45', '145', '-129'], ['45', '45', '-128'], ['45', '45', '-127']]",7,209,209,40,0.04787278175354004
"[['45', '55', '-132'], ['45', '55', '-130'], ['45', '145', '-129'], ['45', '45', '-128']]",14,209,109,40,0.046875715255737305
"[['45', '55', '-132'], ['45', '55', '-132'], ['45', '55', '-130'], ['45', '145', '-129']]",0,109,209,40,0.07480597496032715
"[['45', '45', '-135'], ['45', '55', '-132'], ['45', '55', '-132'], ['45', '55', '-130']]",10,209,179,40,0.03190755844116211
"[['45', '145', '-137'], ['45', '45', '-135'], ['45', '55', '-132'], ['45', '55', '-132']]",7,209,209,40,0.03689980506896973
"[['45', '145', '-137'], ['45', '145', '-137'], ['45', '45', '-135'], ['45', '55', '-132']]",7,209,209,40,0.045876264572143555
"[['145', '45', '-139'], ['45', '145', '-137'], ['45', '145', '-137'], ['45', '45', '-135']]",7,209,209,40,0.046874284744262695
"[['45', '45', '-140'], ['145', '45', '-139'], ['45', '145', '-137'], ['45', '145', '-137']]",7,209,209,40,0.07380366325378418
"[['45', '45', '-140'], ['45', '45', '-140'], ['145', '45', '-139'], ['45', '145', '-137']]",10,209,179,40,0.031919240951538086
"[['45', '45', '-141'], ['45', '45', '-140'], ['45', '45', '-140'], ['145', '45', '-139']]",7,209,209,40,0.03589916229248047
"[['45', '75', '-144'], ['45', '45', '-141'], ['45', '45', '-140'], ['45', '45', '-140']]",7,209,209,40,0.046872854232788086
"[['45', '75', '-146'], ['45', '75', '-144'], ['45', '45', '-141'], ['45', '45', '-140']]",14,209,109,40,0.048879384994506836
"[['45', '45', '-151'], ['45', '75', '-146'], ['45', '75', '-144'], ['45', '45', '-141']]",14,209,109,40,0.07382321357727051
"[['45', '45', '-152'], ['45', '45', '-151'], ['45', '75', '-146'], ['45', '75', '-144']]",14,209,109,40,0.030915021896362305
"[['45', '145', '-153'], ['45', '45', '-152'], ['45', '45', '-151'], ['45', '75', '-146']]",14,209,109,40,0.03696942329406738
"[['45', '145', '-155'], ['45', '145', '-153'], ['45', '45', '-152'], ['45', '45', '-151']]",7,209,209,40,0.04679250717163086
"[['45', '145', '-158'], ['45', '145', '-155'], ['45', '145', '-153'], ['45', '45', '-152']]",14,209,109,40,0.04586172103881836
"[['45', '145', '-159'], ['45', '145', '-158'], ['45', '145', '-155'], ['45', '145', '-153']]",14,209,109,40,0.04688596725463867
"[['45', '45', '-165'], ['45', '145', '-159'], ['45', '145', '-158'], ['45', '145', '-155']]",7,209,209,40,0.07738256454467773
"[['45', '45', '-165'], ['45', '45', '-165'], ['45', '145', '-159'], ['45', '145', '-158']]",14,209,109,40,0.07738256454467773
"[['45', '145', '-170'], ['45', '45', '-165'], ['45', '45', '-165'], ['45', '145', '-159']]",7,209,209,40,0.0647745132446289
"[['45', '45', '-173'], ['45', '145', '-170'], ['45', '45', '-165'], ['45', '45', '-165']]",7,209,209,40,0.03690075874328613
"[['45', '45', '-174'], ['45', '45', '-173'], ['45', '145', '-170'], ['45', '45', '-165']]",14,209,109,40,0.04787182807922363
"[['45', '145', '-176'], ['45', '45', '-174'], ['45', '45', '-173'], ['45', '145', '-170']]",14,209,109,40,0.047870635986328125
"[['45', '45', '-178'], ['45', '145', '-176'], ['45', '45', '-174'], ['45', '45', '-173']]",7,209,209,40,0.0438838005065918
"[['45', '145', '-179'], ['45', '45', '-178'], ['45', '145', '-176'], ['45', '45', '-174']]",14,209,109,40,0.04886794090270996
"[['45', '145', '175'], ['45', '145', '-179'], ['45', '45', '-178'], ['45', '145', '-176']]",7,209,209,40,0.04787135124206543
"[['45', '45', '175'], ['45', '145', '175'], ['45', '145', '-179'], ['45', '45', '-178']]",1,129,209,40,0.04687380790710449
"[['45', '45', '172'], ['45', '45', '175'], ['45', '145', '175'], ['45', '145', '-179']]",8,209,199,40,0.04388308525085449
"[['45', '45', '169'], ['45', '45', '172'], ['45', '45', '175'], ['45', '145', '175']]",5,189,209,40,0.04886913299560547
"[['125', '45', '169'], ['45', '45', '169'], ['45', '45', '172'], ['45', '45', '175']]",9,209,189,40,0.0468754768371582
"[['125', '45', '169'], ['125', '45', '169'], ['45', '45', '169'], ['45', '45', '172']]",9,209,189,40,0.04687237739562988
"[['45', '65', '168'], ['125', '45', '169'], ['125', '45', '169'], ['45', '45', '169']]",9,209,189,40,0.04488015174865723
"[['45', '65', '169'], ['45', '65', '168'], ['125', '45', '169'], ['125', '45', '169']]",5,189,209,40,0.07280421257019043
"[['45', '65', '169'], ['45', '65', '169'], ['45', '65', '168'], ['125', '45', '169']]",5,189,209,40,0.07280421257019043
"[['45', '65', '168'], ['45', '65', '169'], ['45', '65', '169'], ['45', '65', '168']]",5,189,209,40,0.0688166618347168
"[['45', '65', '169'], ['45', '65', '168'], ['45', '65', '169'], ['45', '65', '169']]",5,189,209,40,0.04787302017211914
"[['65', '45', '168'], ['45', '65', '169'], ['45', '65', '168'], ['45', '65', '169']]",5,189,209,40,0.04587531089782715
"[['65', '45', '169'], ['65', '45', '168'], ['45', '65', '169'], ['45', '65', '168']]",5,189,209,40,0.07582306861877441
"[['65', '45', '169'], ['65', '45', '169'], ['65', '45', '168'], ['45', '65', '169']]",5,189,209,40,0.07582306861877441
"[['65', '45', '167'], ['65', '45', '169'], ['65', '45', '169'], ['65', '45', '168']]",13,209,129,40,0.07078361511230469
"[['65', '45', '168'], ['65', '45', '167'], ['65', '45', '169'], ['65', '45', '169']]",12,209,149,40,0.07080912590026855
"[['65', '45', '167'], ['65', '45', '168'], ['65', '45', '167'], ['65', '45', '169']]",7,209,209,40,0.02991938591003418
"[['45', '125', '167'], ['65', '45', '167'], ['65', '45', '168'], ['65', '45', '167']]",7,209,209,40,0.06582403182983398
"[['45', '105', '168'], ['45', '125', '167'], ['65', '45', '167'], ['65', '45', '168']]",7,209,209,40,0.03194928169250488
"[['45', '105', '165'], ['45', '105', '168'], ['45', '125', '167'], ['65', '45', '167']]",7,209,209,40,0.03487277030944824
"[['45', '45', '164'], ['45', '105', '165'], ['45', '105', '168'], ['45', '125', '167']]",7,209,209,40,0.04787039756774902
"[['45', '45', '165'], ['45', '45', '164'], ['45', '105', '165'], ['45', '105', '168']]",7,209,209,40,0.046887874603271484
"[['45', '45', '162'], ['45', '45', '165'], ['45', '45', '164'], ['45', '105', '165']]",9,209,189,40,0.047859907150268555
"[['45', '45', '161'], ['45', '45', '162'], ['45', '45', '165'], ['45', '45', '164']]",9,209,189,40,0.04687380790710449
"[['45', '45', '157'], ['45', '45', '161'], ['45', '45', '162'], ['45', '45', '165']]",9,209,189,40,0.04786944389343262
"[['45', '65', '154'], ['45', '45', '157'], ['45', '45', '161'], ['45', '45', '162']]",9,209,189,40,0.047873497009277344
"[['45', '65', '156'], ['45', '65', '154'], ['45', '45', '157'], ['45', '45', '161']]",9,209,189,40,0.04587531089782715
"[['45', '65', '152'], ['45', '65', '156'], ['45', '65', '154'], ['45', '45', '157']]",9,209,189,40,0.047872066497802734
"[['45', '65', '150'], ['45', '65', '152'], ['45', '65', '156'], ['45', '65', '154']]",9,209,189,40,0.04788327217102051
"[['45', '65', '148'], ['45', '65', '150'], ['45', '65', '152'], ['45', '65', '156']]",9,209,189,40,0.04586505889892578
"[['45', '65', '146'], ['45', '65', '148'], ['45', '65', '150'], ['45', '65', '152']]",9,209,189,40,0.04887127876281738
"[['45', '65', '144'], ['45', '65', '146'], ['45', '65', '148'], ['45', '65', '150']]",9,209,189,40,0.04786968231201172
"[['45', '65', '143'], ['45', '65', '144'], ['45', '65', '146'], ['45', '65', '148']]",9,209,189,40,0.044881343841552734
"[['45', '65', '138'], ['45', '65', '143'], ['45', '65', '144'], ['45', '65', '146']]",0,109,209,40,0.07280397415161133
"[['45', '65', '139'], ['45', '65', '138'], ['45', '65', '143'], ['45', '65', '144']]",5,189,209,40,0.03191328048706055
"[['45', '65', '135'], ['45', '65', '139'], ['45', '65', '138'], ['45', '65', '143']]",5,189,209,40,0.032942771911621094
"[['145', '45', '132'], ['45', '65', '135'], ['45', '65', '139'], ['45', '65', '138']]",5,189,209,41,0.04783940315246582
"[['145', '45', '132'], ['145', '45', '132'], ['45', '65', '135'], ['45', '65', '139']]",0,109,209,40,0.047873497009277344
"[['65', '45', '132'], ['145', '45', '132'], ['145', '45', '132'], ['45', '65', '135']]",0,109,209,39,0.048868417739868164
"[['65', '45', '131'], ['65', '45', '132'], ['145', '45', '132'], ['145', '45', '132']]",0,109,209,21,0.04487895965576172
"[['65', '45', '132'], ['65', '45', '131'], ['65', '45', '132'], ['145', '45', '132']]",5,189,209,39,0.04787135124206543
"[['145', '45', '134'], ['65', '45', '132'], ['65', '45', '131'], ['65', '45', '132']]",5,189,209,40,0.04587745666503906
"[['145', '45', '130'], ['145', '45', '134'], ['65', '45', '132'], ['65', '45', '131']]",5,189,209,39,0.04788351058959961
"[['65', '45', '129'], ['145', '45', '130'], ['145', '45', '134'], ['65', '45', '132']]",0,109,209,21,0.045865535736083984
"[['65', '45', '132'], ['65', '45', '129'], ['145', '45', '130'], ['145', '45', '134']]",0,109,209,39,0.046874284744262695
"[['65', '45', '131'], ['65', '45', '132'], ['65', '45', '129'], ['145', '45', '130']]",5,189,209,21,0.04887652397155762
"[['145', '45', '129'], ['65', '45', '131'], ['65', '45', '132'], ['65', '45', '129']]",5,189,209,21,0.045877695083618164
"[['145', '45', '129'], ['145', '45', '129'], ['65', '45', '131'], ['65', '45', '132']]",5,189,209,21,0.045877695083618164
"[['65', '45', '127'], ['145', '45', '129'], ['145', '45', '129'], ['65', '45', '131']]",0,109,209,39,0.07480049133300781
"[['65', '45', '128'], ['65', '45', '127'], ['145', '45', '129'], ['145', '45', '129']]",0,109,209,40,0.06183338165283203
"[['65', '45', '130'], ['65', '45', '128'], ['65', '45', '127'], ['145', '45', '129']]",0,109,209,21,0.03291058540344238
"[['145', '45', '128'], ['65', '45', '130'], ['65', '45', '128'], ['65', '45', '127']]",7,209,209,40,0.06383085250854492
"[['145', '45', '128'], ['145', '45', '128'], ['65', '45', '130'], ['65', '45', '128']]",5,189,209,39,0.03193974494934082
"[['145', '45', '131'], ['145', '45', '128'], ['145', '45', '128'], ['65', '45', '130']]",5,189,209,40,0.060811519622802734
"[['45', '45', '129'], ['145', '45', '131'], ['145', '45', '128'], ['145', '45', '128']]",11,209,169,39,0.03291034698486328
"[['65', '45', '130'], ['45', '45', '129'], ['145', '45', '131'], ['145', '45', '128']]",9,209,189,40,0.06183433532714844
"[['45', '85', '131'], ['65', '45', '130'], ['45', '45', '129'], ['145', '45', '131']]",12,209,149,39,0.03091573715209961
"[['45', '85', '131'], ['45', '85', '131'], ['65', '45', '130'], ['45', '45', '129']]",12,209,149,21,0.034906864166259766
"[['45', '65', '129'], ['45', '85', '131'], ['45', '85', '131'], ['65', '45', '130']]",12,209,149,40,0.04787135124206543
"[['45', '105', '128'], ['45', '65', '129'], ['45', '85', '131'], ['45', '85', '131']]",12,209,149,21,0.04792308807373047
"[['45', '105', '125'], ['45', '105', '128'], ['45', '65', '129'], ['45', '85', '131']]",11,209,169,40,0.047835350036621094
"[['45', '105', '122'], ['45', '105', '125'], ['45', '105', '128'], ['45', '65', '129']]",12,209,149,21,0.07378721237182617
"[['45', '105', '122'], ['45', '105', '122'], ['45', '105', '125'], ['45', '105', '128']]",12,209,149,21,0.07378721237182617
"[['45', '85', '118'], ['45', '105', '122'], ['45', '105', '122'], ['45', '105', '125']]",7,209,209,39,0.06682586669921875
"[['45', '105', '116'], ['45', '85', '118'], ['45', '105', '122'], ['45', '105', '122']]",7,209,209,40,0.04788041114807129
"[['45', '105', '116'], ['45', '105', '116'], ['45', '85', '118'], ['45', '105', '122']]",7,209,209,39,0.04486894607543945
"[['45', '45', '111'], ['45', '105', '116'], ['45', '105', '116'], ['45', '85', '118']]",7,209,209,40,0.047872066497802734
"[['45', '45', '110'], ['45', '45', '111'], ['45', '105', '116'], ['45', '105', '116']]",7,209,209,39,0.04789996147155762
"[['45', '45', '109'], ['45', '45', '110'], ['45', '45', '111'], ['45', '105', '116']]",7,209,209,21,0.04485130310058594
"[['45', '45', '105'], ['45', '45', '109'], ['45', '45', '110'], ['45', '45', '111']]",7,209,209,39,0.07680821418762207
"[['45', '45', '105'], ['45', '45', '105'], ['45', '45', '109'], ['45', '45', '110']]",9,209,189,39,0.07680821418762207
"[['45', '45', '105'], ['45', '45', '105'], ['45', '45', '105'], ['45', '45', '109']]",9,209,189,40,0.06481361389160156
"[['45', '45', '102'], ['45', '45', '105'], ['45', '45', '105'], ['45', '45', '105']]",9,209,189,21,0.04786944389343262
"[['45', '65', '106'], ['45', '45', '102'], ['45', '45', '105'], ['45', '45', '105']]",9,209,189,40,0.07380223274230957
"[['45', '65', '104'], ['45', '65', '106'], ['45', '45', '102'], ['45', '45', '105']]",9,209,189,39,0.030942916870117188
"[['45', '65', '102'], ['45', '65', '104'], ['45', '65', '106'], ['45', '45', '102']]",9,209,189,39,0.06380438804626465
"[['45', '65', '102'], ['45', '65', '102'], ['45', '65', '104'], ['45', '65', '106']]",9,209,189,39,0.06380438804626465
"[['45', '65', '105'], ['45', '65', '102'], ['45', '65', '102'], ['45', '65', '104']]",7,209,209,40,0.06682372093200684
"[['45', '65', '104'], ['45', '65', '105'], ['45', '65', '102'], ['45', '65', '102']]",7,209,209,21,0.04986143112182617
"[['45', '65', '105'], ['45', '65', '104'], ['45', '65', '105'], ['45', '65', '102']]",7,209,209,40,0.04488229751586914
"[['45', '45', '104'], ['45', '65', '105'], ['45', '65', '104'], ['45', '65', '105']]",7,209,209,39,0.04687237739562988
"[['45', '45', '107'], ['45', '45', '104'], ['45', '65', '105'], ['45', '65', '104']]",7,209,209,40,0.07579684257507324
"[['45', '45', '107'], ['45', '45', '107'], ['45', '45', '104'], ['45', '65', '105']]",7,209,209,21,0.03091716766357422
"[['45', '45', '105'], ['45', '45', '107'], ['45', '45', '107'], ['45', '45', '104']]",5,189,209,40,0.034905433654785156
"[['45', '45', '106'], ['45', '45', '105'], ['45', '45', '107'], ['45', '45', '107']]",6,199,209,39,0.04887032508850098
"[['45', '45', '73'], ['45', '45', '106'], ['45', '45', '105'], ['45', '45', '107']]",5,189,209,40,0.045877933502197266
"[['55', '45', '73'], ['45', '45', '73'], ['45', '45', '106'], ['45', '45', '105']]",5,189,209,39,0.04687380790710449
"[['65', '45', '70'], ['55', '45', '73'], ['45', '45', '73'], ['45', '45', '106']]",5,189,209,40,0.0747983455657959
"[['65', '45', '70'], ['65', '45', '70'], ['55', '45', '73'], ['45', '45', '73']]",5,189,209,40,0.0747983455657959
"[['65', '45', '69'], ['65', '45', '70'], ['65', '45', '70'], ['55', '45', '73']]",9,209,189,39,0.06781744956970215
"[['65', '45', '69'], ['65', '45', '69'], ['65', '45', '70'], ['65', '45', '70']]",0,109,209,40,0.0468754768371582
"[['65', '45', '63'], ['65', '45', '69'], ['65', '45', '69'], ['65', '45', '70']]",0,109,209,21,0.046874284744262695
"[['45', '65', '67'], ['65', '45', '63'], ['65', '45', '69'], ['65', '45', '69']]",7,209,209,40,0.045876502990722656
"[['145', '45', '64'], ['45', '65', '67'], ['65', '45', '63'], ['65', '45', '69']]",7,209,209,40,0.027918100357055664
"[['145', '45', '67'], ['145', '45', '64'], ['45', '65', '67'], ['65', '45', '63']]",7,209,209,39,0.032912492752075195
"[['45', '45', '70'], ['145', '45', '67'], ['145', '45', '64'], ['45', '65', '67']]",5,189,209,21,0.036904096603393555
"[['45', '45', '66'], ['45', '45', '70'], ['145', '45', '67'], ['145', '45', '64']]",5,189,209,40,0.04587435722351074
"[['45', '45', '59'], ['45', '45', '66'], ['45', '45', '70'], ['145', '45', '67']]",5,189,209,39,0.046875953674316406
"[['45', '45', '73'], ['45', '45', '59'], ['45', '45', '66'], ['45', '45', '70']]",5,189,209,40,0.04787802696228027
"[['65', '45', '62'], ['45', '45', '73'], ['45', '45', '59'], ['45', '45', '66']]",5,189,209,39,0.04786396026611328
"[['65', '45', '68'], ['65', '45', '62'], ['45', '45', '73'], ['45', '45', '59']]",5,189,209,40,0.045882225036621094
"[['65', '45', '71'], ['65', '45', '68'], ['65', '45', '62'], ['45', '45', '73']]",5,189,209,39,0.04686856269836426
"[['65', '45', '58'], ['65', '45', '71'], ['65', '45', '68'], ['65', '45', '62']]",5,189,209,40,0.05983996391296387
"[['65', '45', '66'], ['65', '45', '58'], ['65', '45', '71'], ['65', '45', '68']]",5,189,209,39,0.03490614891052246
"[['65', '45', '69'], ['65', '45', '66'], ['65', '45', '58'], ['65', '45', '71']]",5,189,209,21,0.04787802696228027
"[['65', '45', '61'], ['65', '45', '69'], ['65', '45', '66'], ['65', '45', '58']]",5,189,209,39,0.04786372184753418
"[['65', '45', '66'], ['65', '45', '61'], ['65', '45', '69'], ['65', '45', '66']]",5,189,209,21,0.046877145767211914
"[['65', '45', '59'], ['65', '45', '66'], ['65', '45', '61'], ['65', '45', '69']]",7,209,209,21,0.02892589569091797
"[['65', '45', '70'], ['65', '45', '59'], ['65', '45', '66'], ['65', '45', '61']]",7,209,209,40,0.031943559646606445
"[['45', '45', '65'], ['65', '45', '70'], ['65', '45', '59'], ['65', '45', '66']]",7,209,209,39,0.0637969970703125
"[['45', '45', '62'], ['45', '45', '65'], ['65', '45', '70'], ['65', '45', '59']]",7,209,209,40,0.030918598175048828
"[['45', '45', '66'], ['45', '45', '62'], ['45', '45', '65'], ['65', '45', '70']]",7,209,209,39,0.06286144256591797
"[['45', '45', '66'], ['45', '45', '66'], ['45', '45', '62'], ['45', '45', '65']]",7,209,209,39,0.06286144256591797
"[['45', '45', '59'], ['45', '45', '66'], ['45', '45', '66'], ['45', '45', '62']]",3,169,209,40,0.0677943229675293
"[['45', '45', '65'], ['45', '45', '59'], ['45', '45', '66'], ['45', '45', '66']]",0,109,209,21,0.07379603385925293
"[['45', '45', '65'], ['45', '45', '65'], ['45', '45', '59'], ['45', '45', '66']]",0,109,209,21,0.07379603385925293
"[['85', '45', '57'], ['45', '45', '65'], ['45', '45', '65'], ['45', '45', '59']]",5,189,209,39,0.06881499290466309
"[['85', '45', '62'], ['85', '45', '57'], ['45', '45', '65'], ['45', '45', '65']]",5,189,209,40,0.04587721824645996
"[['145', '45', '58'], ['85', '45', '62'], ['85', '45', '57'], ['45', '45', '65']]",5,189,209,39,0.04598188400268555
"[['65', '45', '62'], ['145', '45', '58'], ['85', '45', '62'], ['85', '45', '57']]",5,189,209,40,0.07569241523742676
"[['65', '45', '62'], ['65', '45', '62'], ['145', '45', '58'], ['85', '45', '62']]",5,189,209,40,0.03390836715698242
"[['65', '45', '64'], ['65', '45', '62'], ['65', '45', '62'], ['145', '45', '58']]",5,189,209,21,0.03392148017883301
"[['65', '45', '63'], ['65', '45', '64'], ['65', '45', '62'], ['65', '45', '62']]",5,189,209,39,0.046862125396728516
"[['65', '45', '65'], ['65', '45', '63'], ['65', '45', '64'], ['65', '45', '62']]",5,189,209,40,0.0747990608215332
"[['65', '45', '67'], ['65', '45', '65'], ['65', '45', '63'], ['65', '45', '64']]",5,189,209,39,0.03091716766357422
"[['65', '45', '64'], ['65', '45', '67'], ['65', '45', '65'], ['65', '45', '63']]",11,209,169,40,0.06283164024353027
"[['65', '45', '67'], ['65', '45', '64'], ['65', '45', '67'], ['65', '45', '65']]",5,189,209,39,0.03191494941711426
"[['45', '85', '63'], ['65', '45', '67'], ['65', '45', '64'], ['65', '45', '67']]",5,189,209,40,0.0638277530670166
"[['45', '85', '63'], ['45', '85', '63'], ['65', '45', '67'], ['65', '45', '64']]",7,209,209,39,0.030945777893066406
"[['65', '45', '63'], ['45', '85', '63'], ['45', '85', '63'], ['65', '45', '67']]",5,189,209,21,0.036873817443847656
"[['65', '45', '66'], ['65', '45', '63'], ['45', '85', '63'], ['45', '85', '63']]",5,189,209,40,0.04587554931640625
"[['45', '45', '62'], ['65', '45', '66'], ['65', '45', '63'], ['45', '85', '63']]",5,189,209,39,0.04787158966064453
"[['65', '45', '64'], ['45', '45', '62'], ['65', '45', '66'], ['65', '45', '63']]",5,189,209,40,0.04687380790710449
"[['65', '45', '66'], ['65', '45', '64'], ['45', '45', '62'], ['65', '45', '66']]",5,189,209,40,0.04687619209289551
"[['65', '45', '59'], ['65', '45', '66'], ['65', '45', '64'], ['45', '45', '62']]",5,189,209,39,0.04787039756774902
"[['65', '45', '63'], ['65', '45', '59'], ['65', '45', '66'], ['65', '45', '64']]",5,189,209,39,0.04687356948852539
"[['65', '45', '64'], ['65', '45', '63'], ['65', '45', '59'], ['65', '45', '66']]",5,189,209,40,0.047875165939331055
"[['65', '45', '59'], ['65', '45', '64'], ['65', '45', '63'], ['65', '45', '59']]",5,189,209,39,0.04588150978088379
"[['65', '45', '66'], ['65', '45', '59'], ['65', '45', '64'], ['65', '45', '63']]",5,189,209,40,0.04786491394042969
"[['65', '45', '62'], ['65', '45', '66'], ['65', '45', '59'], ['65', '45', '64']]",5,189,209,39,0.04886817932128906
"[['65', '45', '65'], ['65', '45', '62'], ['65', '45', '66'], ['65', '45', '59']]",5,189,209,40,0.04587697982788086
"[['65', '45', '72'], ['65', '45', '65'], ['65', '45', '62'], ['65', '45', '66']]",5,189,209,39,0.04687309265136719
"[['65', '45', '70'], ['65', '45', '72'], ['65', '45', '65'], ['65', '45', '62']]",5,189,209,21,0.047884225845336914
"[['65', '45', '67'], ['65', '45', '70'], ['65', '45', '72'], ['65', '45', '65']]",5,189,209,39,0.0458986759185791
"[['65', '45', '72'], ['65', '45', '67'], ['65', '45', '70'], ['65', '45', '72']]",5,189,209,21,0.04584312438964844
"[['65', '45', '63'], ['65', '45', '72'], ['65', '45', '67'], ['65', '45', '70']]",5,189,209,39,0.059839725494384766
"[['65', '45', '71'], ['65', '45', '63'], ['65', '45', '72'], ['65', '45', '67']]",5,189,209,40,0.06283187866210938
"[['65', '45', '62'], ['65', '45', '71'], ['65', '45', '63'], ['65', '45', '72']]",5,189,209,39,0.030919790267944336
"[['65', '45', '60'], ['65', '45', '62'], ['65', '45', '71'], ['65', '45', '63']]",5,189,209,21,0.03592967987060547
"[['65', '45', '65'], ['65', '45', '60'], ['65', '45', '62'], ['65', '45', '71']]",5,189,209,40,0.04685616493225098
"[['65', '45', '65'], ['65', '45', '65'], ['65', '45', '60'], ['65', '45', '62']]",5,189,209,40,0.04685616493225098
"[['65', '45', '58'], ['65', '45', '65'], ['65', '45', '65'], ['65', '45', '60']]",5,189,209,39,0.09373855590820312
"[['65', '45', '66'], ['65', '45', '58'], ['65', '45', '65'], ['65', '45', '65']]",5,189,209,39,0.060836076736450195
"[['65', '45', '61'], ['65', '45', '66'], ['65', '45', '58'], ['65', '45', '65']]",5,189,209,40,0.03590583801269531
"[['65', '45', '61'], ['65', '45', '61'], ['65', '45', '66'], ['65', '45', '58']]",5,189,209,40,0.04886746406555176
"[['65', '45', '71'], ['65', '45', '61'], ['65', '45', '61'], ['65', '45', '66']]",5,189,209,39,0.043890953063964844
"[['65', '45', '59'], ['65', '45', '71'], ['65', '45', '61'], ['65', '45', '61']]",5,189,209,40,0.06082773208618164
"[['65', '45', '62'], ['65', '45', '59'], ['65', '45', '71'], ['65', '45', '61']]",5,189,209,39,0.03591132164001465
"[['65', '45', '65'], ['65', '45', '62'], ['65', '45', '59'], ['65', '45', '71']]",5,189,209,40,0.046866655349731445
"[['65', '45', '57'], ['65', '45', '65'], ['65', '45', '62'], ['65', '45', '59']]",5,189,209,39,0.04687333106994629
"[['65', '45', '70'], ['65', '45', '57'], ['65', '45', '65'], ['65', '45', '62']]",5,189,209,40,0.04787445068359375
"[['65', '45', '63'], ['65', '45', '70'], ['65', '45', '57'], ['65', '45', '65']]",5,189,209,39,0.047868967056274414
"[['65', '45', '63'], ['65', '45', '63'], ['65', '45', '70'], ['65', '45', '57']]",5,189,209,40,0.07480001449584961
"[['65', '45', '66'], ['65', '45', '63'], ['65', '45', '63'], ['65', '45', '70']]",5,189,209,39,0.03191518783569336
"[['65', '45', '59'], ['65', '45', '66'], ['65', '45', '63'], ['65', '45', '63']]",7,209,209,40,0.06283068656921387
"[['65', '45', '65'], ['65', '45', '59'], ['65', '45', '66'], ['65', '45', '63']]",11,209,169,39,0.029920339584350586
"[['45', '45', '63'], ['65', '45', '65'], ['65', '45', '59'], ['65', '45', '66']]",5,189,209,40,0.03591728210449219
"[['45', '45', '60'], ['45', '45', '63'], ['65', '45', '65'], ['65', '45', '59']]",5,189,209,40,0.07582616806030273
"[['45', '45', '60'], ['45', '45', '60'], ['45', '45', '63'], ['65', '45', '65']]",5,189,209,40,0.07582616806030273
"[['45', '85', '63'], ['45', '45', '60'], ['45', '45', '60'], ['45', '45', '63']]",5,189,209,40,0.06677770614624023
"[['65', '45', '56'], ['45', '85', '63'], ['45', '45', '60'], ['45', '45', '60']]",5,189,209,40,0.047872304916381836
"[['65', '45', '58'], ['65', '45', '56'], ['45', '85', '63'], ['45', '45', '60']]",5,189,209,40,0.0728306770324707
"[['65', '45', '57'], ['65', '45', '58'], ['65', '45', '56'], ['45', '85', '63']]",5,189,209,40,0.03288555145263672
"[['65', '45', '55'], ['65', '45', '57'], ['65', '45', '58'], ['65', '45', '56']]",5,189,209,40,0.0638272762298584
"[['65', '45', '55'], ['65', '45', '55'], ['65', '45', '57'], ['65', '45', '58']]",5,189,209,40,0.03091907501220703
"[['65', '45', '55'], ['65', '45', '55'], ['65', '45', '55'], ['65', '45', '57']]",6,199,209,40,0.06183433532714844
"[['65', '45', '55'], ['65', '45', '55'], ['65', '45', '55'], ['65', '45', '55']]",5,189,209,40,0.032938480377197266
"[['65', '45', '55'], ['65', '45', '55'], ['65', '45', '55'], ['65', '45', '55']]",5,189,209,40,0.03388023376464844
"[['55', '45', '56'], ['65', '45', '55'], ['65', '45', '55'], ['65', '45', '55']]",5,189,209,40,0.04787254333496094
"[['55', '45', '55'], ['55', '45', '56'], ['65', '45', '55'], ['65', '45', '55']]",5,189,209,40,0.04687333106994629
"[['65', '45', '56'], ['55', '45', '55'], ['55', '45', '56'], ['65', '45', '55']]",5,189,209,40,0.0468754768371582
"[['65', '45', '57'], ['65', '45', '56'], ['55', '45', '55'], ['55', '45', '56']]",0,109,209,40,0.04887843132019043
"[['65', '45', '51'], ['65', '45', '57'], ['65', '45', '56'], ['55', '45', '55']]",0,109,209,40,0.045868873596191406
"[['65', '45', '51'], ['65', '45', '51'], ['65', '45', '57'], ['65', '45', '56']]",0,109,209,40,0.04786944389343262
"[['65', '45', '55'], ['65', '45', '51'], ['65', '45', '51'], ['65', '45', '57']]",7,209,209,40,0.04787254333496094
"[['145', '45', '51'], ['65', '45', '55'], ['65', '45', '51'], ['65', '45', '51']]",0,109,209,40,0.046872615814208984
"[['145', '45', '56'], ['145', '45', '51'], ['65', '45', '55'], ['65', '45', '51']]",2,149,209,40,0.07380509376525879
"[['45', '45', '57'], ['145', '45', '56'], ['145', '45', '51'], ['65', '45', '55']]",5,189,209,40,0.030915021896362305
"[['105', '45', '53'], ['45', '45', '57'], ['145', '45', '56'], ['145', '45', '51']]",0,109,209,40,0.03490734100341797
"[['105', '45', '62'], ['105', '45', '53'], ['45', '45', '57'], ['145', '45', '56']]",5,189,209,40,0.047881364822387695
"[['65', '45', '67'], ['105', '45', '62'], ['105', '45', '53'], ['45', '45', '57']]",0,109,209,40,0.04686379432678223
"[['65', '45', '60'], ['65', '45', '67'], ['105', '45', '62'], ['105', '45', '53']]",9,209,189,40,0.04690384864807129
"[['145', '45', '66'], ['65', '45', '60'], ['65', '45', '67'], ['105', '45', '62']]",0,109,209,40,0.07377147674560547
"[['45', '65', '62'], ['145', '45', '66'], ['65', '45', '60'], ['65', '45', '67']]",5,189,209,40,0.030918598175048828
"[['45', '65', '58'], ['45', '65', '62'], ['145', '45', '66'], ['65', '45', '60']]",0,109,209,39,0.06482553482055664
"[['45', '65', '58'], ['45', '65', '58'], ['45', '65', '62'], ['145', '45', '66']]",0,109,209,39,0.06482553482055664
"[['65', '45', '63'], ['45', '65', '58'], ['45', '65', '58'], ['45', '65', '62']]",0,109,209,40,0.06781792640686035
"[['145', '45', '61'], ['65', '45', '63'], ['45', '65', '58'], ['45', '65', '58']]",0,109,209,39,0.07380366325378418
"[['145', '45', '61'], ['145', '45', '61'], ['65', '45', '63'], ['45', '65', '58']]",5,189,209,39,0.03191375732421875
"[['145', '45', '61'], ['145', '45', '61'], ['145', '45', '61'], ['65', '45', '63']]",5,189,209,39,0.03591752052307129
"[['145', '45', '66'], ['145', '45', '61'], ['145', '45', '61'], ['145', '45', '61']]",5,189,209,39,0.047858476638793945
"[['145', '45', '63'], ['145', '45', '66'], ['145', '45', '61'], ['145', '45', '61']]",9,209,189,39,0.045888423919677734
"[['65', '45', '61'], ['145', '45', '63'], ['145', '45', '66'], ['145', '45', '61']]",5,189,209,39,0.04794716835021973
"[['65', '45', '71'], ['65', '45', '61'], ['145', '45', '63'], ['145', '45', '66']]",10,209,179,39,0.04678678512573242
"[['45', '65', '58'], ['65', '45', '71'], ['65', '45', '61'], ['145', '45', '63']]",9,209,189,39,0.07280445098876953
"[['45', '65', '58'], ['45', '65', '58'], ['65', '45', '71'], ['65', '45', '61']]",0,109,209,39,0.07280445098876953
"[['65', '45', '69'], ['45', '65', '58'], ['45', '65', '58'], ['65', '45', '71']]",0,109,209,39,0.09374880790710449
"[['145', '45', '64'], ['65', '45', '69'], ['45', '65', '58'], ['45', '65', '58']]",0,109,209,39,0.032912254333496094
"[['145', '45', '69'], ['145', '45', '64'], ['65', '45', '69'], ['45', '65', '58']]",0,109,209,39,0.06183266639709473
"[['145', '45', '66'], ['145', '45', '69'], ['145', '45', '64'], ['65', '45', '69']]",0,109,209,39,0.031914710998535156
"[['145', '45', '62'], ['145', '45', '66'], ['145', '45', '69'], ['145', '45', '64']]",5,189,209,39,0.0359039306640625
"[['145', '45', '69'], ['145', '45', '62'], ['145', '45', '66'], ['145', '45', '69']]",5,189,209,40,0.04487919807434082
"[['145', '45', '68'], ['145', '45', '69'], ['145', '45', '62'], ['145', '45', '66']]",7,209,209,39,0.046874046325683594
"[['65', '45', '67'], ['145', '45', '68'], ['145', '45', '69'], ['145', '45', '62']]",7,209,209,40,0.04787182807922363
"[['65', '45', '68'], ['65', '45', '67'], ['145', '45', '68'], ['145', '45', '69']]",7,209,209,40,0.04787111282348633
"[['45', '45', '70'], ['65', '45', '68'], ['65', '45', '67'], ['145', '45', '68']]",3,169,209,40,0.07380270957946777
"[['45', '45', '70'], ['45', '45', '70'], ['65', '45', '68'], ['65', '45', '67']]",7,209,209,40,0.07380270957946777
"[['45', '45', '66'], ['45', '45', '70'], ['45', '45', '70'], ['65', '45', '68']]",7,209,209,40,0.06682109832763672
"[['85', '45', '66'], ['45', '45', '66'], ['45', '45', '70'], ['45', '45', '70']]",0,109,209,40,0.04687333106994629
"[['45', '45', '62'], ['85', '45', '66'], ['45', '45', '66'], ['45', '45', '70']]",0,109,209,40,0.0279238224029541
"[['145', '45', '65'], ['45', '45', '62'], ['85', '45', '66'], ['45', '45', '66']]",0,109,209,40,0.03291201591491699
"[['145', '45', '68'], ['145', '45', '65'], ['45', '45', '62'], ['85', '45', '66']]",5,189,209,40,0.060837507247924805
"[['145', '45', '69'], ['145', '45', '68'], ['145', '45', '65'], ['45', '45', '62']]",9,209,189,40,0.03291177749633789
"[['65', '45', '64'], ['145', '45', '69'], ['145', '45', '68'], ['145', '45', '65']]",5,189,209,40,0.03490638732910156
"[['65', '45', '67'], ['65', '45', '64'], ['145', '45', '69'], ['145', '45', '68']]",5,189,209,40,0.047872066497802734
"[['45', '65', '72'], ['65', '45', '67'], ['65', '45', '64'], ['145', '45', '69']]",0,109,209,40,0.048868417739868164
"[['65', '45', '64'], ['45', '65', '72'], ['65', '45', '67'], ['65', '45', '64']]",7,209,209,40,0.04787087440490723
"[['65', '45', '69'], ['65', '45', '64'], ['45', '65', '72'], ['65', '45', '67']]",7,209,209,40,0.04587960243225098
"[['65', '45', '63'], ['65', '45', '69'], ['65', '45', '64'], ['45', '65', '72']]",7,209,209,40,0.04787111282348633
"[['45', '45', '60'], ['65', '45', '63'], ['65', '45', '69'], ['65', '45', '64']]",0,109,209,40,0.045876264572143555
"[['45', '45', '66'], ['45', '45', '60'], ['65', '45', '63'], ['65', '45', '69']]",0,109,209,40,0.04587721824645996
"[['45', '45', '60'], ['45', '45', '66'], ['45', '45', '60'], ['65', '45', '63']]",0,109,209,40,0.04787135124206543
"[['145', '45', '62'], ['45', '45', '60'], ['45', '45', '66'], ['45', '45', '60']]",0,109,209,40,0.048868656158447266
"[['145', '45', '60'], ['145', '45', '62'], ['45', '45', '60'], ['45', '45', '66']]",0,109,209,40,0.0718071460723877
"[['145', '45', '60'], ['145', '45', '60'], ['145', '45', '62'], ['45', '45', '60']]",0,109,209,40,0.0718071460723877
"[['145', '45', '61'], ['145', '45', '60'], ['145', '45', '60'], ['145', '45', '62']]",0,109,209,40,0.06782889366149902
"[['145', '45', '63'], ['145', '45', '61'], ['145', '45', '60'], ['145', '45', '60']]",0,109,209,40,0.047869205474853516
"[['145', '45', '63'], ['145', '45', '63'], ['145', '45', '61'], ['145', '45', '60']]",0,109,209,40,0.04697775840759277
"[['145', '45', '63'], ['145', '45', '63'], ['145', '45', '63'], ['145', '45', '61']]",0,109,209,60,0.06072807312011719
"[['145', '45', '67'], ['145', '45', '63'], ['145', '45', '63'], ['145', '45', '63']]",0,109,209,40,0.0618436336517334
"[['145', '45', '71'], ['145', '45', '67'], ['145', '45', '63'], ['145', '45', '63']]",0,109,209,40,0.03190135955810547
"[['145', '45', '66'], ['145', '45', '71'], ['145', '45', '67'], ['145', '45', '63']]",0,109,209,40,0.03591561317443848
"[['145', '45', '67'], ['145', '45', '66'], ['145', '45', '71'], ['145', '45', '67']]",0,109,209,40,0.04787588119506836
"[['145', '45', '70'], ['145', '45', '67'], ['145', '45', '66'], ['145', '45', '71']]",0,109,209,40,0.04686403274536133
"[['145', '45', '69'], ['145', '45', '70'], ['145', '45', '67'], ['145', '45', '66']]",0,109,209,40,0.04886984825134277
"[['145', '45', '63'], ['145', '45', '69'], ['145', '45', '70'], ['145', '45', '67']]",0,109,209,40,0.046871185302734375
"[['145', '45', '68'], ['145', '45', '63'], ['145', '45', '69'], ['145', '45', '70']]",0,109,209,40,0.07280135154724121
"[['145', '45', '70'], ['145', '45', '68'], ['145', '45', '63'], ['145', '45', '69']]",9,209,189,40,0.03191542625427246
"[['145', '45', '75'], ['145', '45', '70'], ['145', '45', '68'], ['145', '45', '63']]",0,109,209,40,0.03789806365966797
"[['145', '45', '71'], ['145', '45', '75'], ['145', '45', '70'], ['145', '45', '68']]",0,109,209,40,0.04587578773498535
"[['145', '45', '69'], ['145', '45', '71'], ['145', '45', '75'], ['145', '45', '70']]",0,109,209,40,0.046209096908569336
"[['145', '45', '76'], ['145', '45', '69'], ['145', '45', '71'], ['145', '45', '75']]",0,109,209,40,0.07580065727233887
"[['145', '45', '76'], ['145', '45', '76'], ['145', '45', '69'], ['145', '45', '71']]",0,109,209,40,0.07580065727233887
"[['145', '45', '74'], ['145', '45', '76'], ['145', '45', '76'], ['145', '45', '69']]",0,109,209,40,0.0668175220489502
"[['145', '45', '76'], ['145', '45', '74'], ['145', '45', '76'], ['145', '45', '76']]",0,109,209,40,0.04587721824645996
"[['145', '45', '73'], ['145', '45', '76'], ['145', '45', '74'], ['145', '45', '76']]",1,129,209,40,0.04587602615356445
"[['145', '45', '111'], ['145', '45', '73'], ['145', '45', '76'], ['145', '45', '74']]",0,109,209,40,0.07679605484008789
"[['145', '45', '111'], ['145', '45', '111'], ['145', '45', '73'], ['145', '45', '76']]",2,149,209,40,0.07679605484008789
"[['125', '45', '111'], ['145', '45', '111'], ['145', '45', '111'], ['145', '45', '73']]",0,109,209,40,0.06582021713256836
"[['105', '45', '104'], ['125', '45', '111'], ['145', '45', '111'], ['145', '45', '111']]",4,179,209,40,0.04887032508850098
"[['105', '45', '115'], ['105', '45', '104'], ['125', '45', '111'], ['145', '45', '111']]",13,209,129,40,0.07479977607727051
"[['105', '45', '115'], ['105', '45', '115'], ['105', '45', '104'], ['125', '45', '111']]",9,209,189,40,0.07479977607727051
"[['75', '45', '104'], ['105', '45', '115'], ['105', '45', '115'], ['105', '45', '104']]",0,109,209,40,0.06782341003417969
"[['75', '45', '118'], ['75', '45', '104'], ['105', '45', '115'], ['105', '45', '115']]",0,109,209,40,0.046875715255737305
"[['45', '65', '109'], ['75', '45', '118'], ['75', '45', '104'], ['105', '45', '115']]",0,109,209,40,0.045874595642089844
"[['145', '45', '109'], ['45', '65', '109'], ['75', '45', '118'], ['75', '45', '104']]",0,109,209,40,0.045873165130615234
"[['145', '45', '119'], ['145', '45', '109'], ['45', '65', '109'], ['75', '45', '118']]",0,109,209,40,0.048897504806518555
"[['145', '45', '106'], ['145', '45', '119'], ['145', '45', '109'], ['45', '65', '109']]",0,109,209,40,0.07679510116577148
"[['145', '45', '106'], ['145', '45', '106'], ['145', '45', '119'], ['145', '45', '109']]",0,109,209,40,0.07679510116577148
"[['145', '45', '112'], ['145', '45', '106'], ['145', '45', '106'], ['145', '45', '119']]",0,109,209,40,0.042879581451416016
"[['145', '45', '112'], ['145', '45', '112'], ['145', '45', '106'], ['145', '45', '106']]",0,109,209,40,0.029920578002929688
"[['145', '45', '110'], ['145', '45', '112'], ['145', '45', '112'], ['145', '45', '106']]",0,109,209,40,0.06185793876647949
"[['145', '45', '118'], ['145', '45', '110'], ['145', '45', '112'], ['145', '45', '112']]",10,209,179,40,0.06480073928833008
"[['145', '45', '112'], ['145', '45', '118'], ['145', '45', '110'], ['145', '45', '112']]",9,209,189,40,0.031938791275024414
"[['45', '75', '107'], ['145', '45', '112'], ['145', '45', '118'], ['145', '45', '110']]",9,209,189,40,0.06081438064575195
"[['45', '75', '107'], ['45', '75', '107'], ['145', '45', '112'], ['145', '45', '118']]",0,109,209,40,0.06081438064575195
"[['45', '65', '122'], ['45', '75', '107'], ['45', '75', '107'], ['145', '45', '112']]",0,109,209,40,0.06682157516479492
"[['45', '65', '111'], ['45', '65', '122'], ['45', '75', '107'], ['45', '75', '107']]",0,109,209,40,0.04687190055847168
"[['45', '65', '112'], ['45', '65', '111'], ['45', '65', '122'], ['45', '75', '107']]",0,109,209,40,0.0468747615814209
"[['145', '45', '126'], ['45', '65', '112'], ['45', '65', '111'], ['45', '65', '122']]",8,209,199,40,0.04887104034423828
"[['145', '45', '111'], ['145', '45', '126'], ['45', '65', '112'], ['45', '65', '111']]",0,109,209,40,0.07380294799804688
"[['145', '45', '111'], ['145', '45', '111'], ['145', '45', '126'], ['45', '65', '112']]",0,109,209,40,0.07380294799804688
"[['45', '55', '117'], ['145', '45', '111'], ['145', '45', '111'], ['145', '45', '126']]",0,109,209,40,0.06681942939758301
"[['45', '55', '107'], ['45', '55', '117'], ['145', '45', '111'], ['145', '45', '111']]",0,109,209,40,0.04787158966064453
"[['145', '45', '108'], ['45', '55', '107'], ['45', '55', '117'], ['145', '45', '111']]",0,109,209,40,0.04687333106994629
"[['145', '45', '112'], ['145', '45', '108'], ['45', '55', '107'], ['45', '55', '117']]",0,109,209,40,0.04587674140930176
"[['145', '45', '111'], ['145', '45', '112'], ['145', '45', '108'], ['45', '55', '107']]",0,109,209,40,0.04787111282348633
"[['145', '45', '108'], ['145', '45', '111'], ['145', '45', '112'], ['145', '45', '108']]",7,209,209,41,0.047873497009277344
"[['145', '45', '105'], ['145', '45', '108'], ['145', '45', '111'], ['145', '45', '112']]",7,209,209,39,0.04487800598144531
"[['145', '45', '113'], ['145', '45', '105'], ['145', '45', '108'], ['145', '45', '111']]",7,209,209,40,0.04986739158630371
"[['145', '45', '114'], ['145', '45', '113'], ['145', '45', '105'], ['145', '45', '108']]",7,209,209,39,0.04687333106994629
"[['45', '45', '108'], ['145', '45', '114'], ['145', '45', '113'], ['145', '45', '105']]",7,209,209,40,0.047884464263916016
"[['45', '45', '112'], ['45', '45', '108'], ['145', '45', '114'], ['145', '45', '113']]",2,149,209,39,0.04686141014099121
"[['45', '45', '110'], ['45', '45', '112'], ['45', '45', '108'], ['145', '45', '114']]",7,209,209,21,0.04886913299560547
"[['45', '45', '109'], ['45', '45', '110'], ['45', '45', '112'], ['45', '45', '108']]",0,109,209,39,0.043882131576538086
"[['105', '45', '119'], ['45', '45', '109'], ['45', '45', '110'], ['45', '45', '112']]",0,109,209,40,0.07679414749145508
"[['145', '45', '105'], ['105', '45', '119'], ['45', '45', '109'], ['45', '45', '110']]",0,109,209,21,0.03191494941711426
"[['145', '45', '113'], ['145', '45', '105'], ['105', '45', '119'], ['45', '45', '109']]",0,109,209,40,0.06283140182495117
"[['145', '45', '119'], ['145', '45', '113'], ['145', '45', '105'], ['105', '45', '119']]",0,109,209,39,0.0309600830078125
"[['145', '45', '112'], ['145', '45', '119'], ['145', '45', '113'], ['145', '45', '105']]",0,109,209,40,0.0627892017364502
"[['145', '45', '111'], ['145', '45', '112'], ['145', '45', '119'], ['145', '45', '113']]",0,109,209,21,0.030915260314941406
"[['145', '45', '109'], ['145', '45', '111'], ['145', '45', '112'], ['145', '45', '119']]",0,109,209,40,0.06485438346862793
"[['145', '45', '112'], ['145', '45', '109'], ['145', '45', '111'], ['145', '45', '112']]",0,109,209,39,0.030888795852661133
"[['145', '45', '112'], ['145', '45', '112'], ['145', '45', '109'], ['145', '45', '111']]",0,109,209,21,0.035904884338378906
"[['145', '45', '108'], ['145', '45', '112'], ['145', '45', '112'], ['145', '45', '109']]",0,109,209,39,0.07280826568603516
"[['145', '45', '108'], ['145', '45', '108'], ['145', '45', '112'], ['145', '45', '112']]",0,109,209,39,0.07280826568603516
"[['145', '45', '117'], ['145', '45', '108'], ['145', '45', '108'], ['145', '45', '112']]",0,109,209,40,0.0668177604675293
"[['145', '45', '104'], ['145', '45', '117'], ['145', '45', '108'], ['145', '45', '108']]",0,109,209,21,0.049866676330566406
"[['145', '45', '112'], ['145', '45', '104'], ['145', '45', '117'], ['145', '45', '108']]",0,109,209,40,0.04587602615356445
"[['145', '45', '113'], ['145', '45', '112'], ['145', '45', '104'], ['145', '45', '117']]",0,109,209,39,0.047870635986328125
"[['145', '45', '107'], ['145', '45', '113'], ['145', '45', '112'], ['145', '45', '104']]",0,109,209,40,0.04687690734863281
"[['145', '45', '110'], ['145', '45', '107'], ['145', '45', '113'], ['145', '45', '112']]",0,109,209,39,0.047868967056274414
"[['145', '45', '109'], ['145', '45', '110'], ['145', '45', '107'], ['145', '45', '113']]",0,109,209,40,0.04688549041748047
"[['145', '45', '115'], ['145', '45', '109'], ['145', '45', '110'], ['145', '45', '107']]",0,109,209,39,0.046863555908203125
"[['145', '45', '107'], ['145', '45', '115'], ['145', '45', '109'], ['145', '45', '110']]",0,109,209,40,0.04887056350708008
"[['145', '45', '102'], ['145', '45', '107'], ['145', '45', '115'], ['145', '45', '109']]",0,109,209,39,0.046872615814208984
"[['145', '45', '119'], ['145', '45', '102'], ['145', '45', '107'], ['145', '45', '115']]",0,109,209,40,0.07383322715759277
"[['145', '45', '119'], ['145', '45', '119'], ['145', '45', '102'], ['145', '45', '107']]",0,109,209,40,0.07383322715759277
"[['145', '45', '104'], ['145', '45', '119'], ['145', '45', '119'], ['145', '45', '102']]",0,109,209,21,0.06579351425170898
"[['145', '45', '111'], ['145', '45', '104'], ['145', '45', '119'], ['145', '45', '119']]",0,109,209,39,0.07579541206359863
"[['145', '45', '111'], ['145', '45', '111'], ['145', '45', '104'], ['145', '45', '119']]",0,109,209,40,0.02991938591003418
"[['145', '45', '112'], ['145', '45', '111'], ['145', '45', '111'], ['145', '45', '104']]",0,109,209,39,0.06283235549926758
"[['145', '45', '112'], ['145', '45', '112'], ['145', '45', '111'], ['145', '45', '111']]",0,109,209,39,0.06283235549926758
"[['145', '45', '110'], ['145', '45', '112'], ['145', '45', '112'], ['145', '45', '111']]",0,109,209,40,0.06882858276367188
"[['145', '45', '122'], ['145', '45', '110'], ['145', '45', '112'], ['145', '45', '112']]",0,109,209,21,0.04686307907104492
"[['145', '45', '114'], ['145', '45', '122'], ['145', '45', '110'], ['145', '45', '112']]",0,109,209,40,0.04787039756774902
"[['145', '45', '109'], ['145', '45', '114'], ['145', '45', '122'], ['145', '45', '110']]",0,109,209,39,0.04687643051147461
"[['145', '45', '120'], ['145', '45', '109'], ['145', '45', '114'], ['145', '45', '122']]",7,209,209,40,0.04587507247924805
"[['145', '45', '121'], ['145', '45', '120'], ['145', '45', '109'], ['145', '45', '114']]",7,209,209,40,0.048879146575927734
"[['145', '45', '116'], ['145', '45', '121'], ['145', '45', '120'], ['145', '45', '109']]",7,209,209,21,0.04586482048034668
"[['45', '45', '119'], ['145', '45', '116'], ['145', '45', '121'], ['145', '45', '120']]",7,209,209,39,0.046875715255737305
"[['45', '45', '117'], ['45', '45', '119'], ['145', '45', '116'], ['145', '45', '121']]",12,209,149,40,0.06183290481567383
"[['45', '45', '117'], ['45', '45', '117'], ['45', '45', '119'], ['145', '45', '116']]",0,109,209,39,0.03391075134277344
"[['45', '105', '118'], ['45', '45', '117'], ['45', '45', '117'], ['45', '45', '119']]",7,209,209,40,0.07880973815917969
"[['45', '105', '118'], ['45', '105', '118'], ['45', '45', '117'], ['45', '45', '117']]",7,209,209,40,0.07880973815917969
"[['45', '105', '118'], ['45', '105', '118'], ['45', '105', '118'], ['45', '45', '117']]",7,209,209,21,0.06881332397460938
"[['45', '45', '124'], ['45', '105', '118'], ['45', '105', '118'], ['45', '105', '118']]",7,209,209,39,0.04788708686828613
"[['45', '45', '118'], ['45', '45', '124'], ['45', '105', '118'], ['45', '105', '118']]",12,209,149,40,0.07278990745544434
"[['45', '45', '118'], ['45', '45', '118'], ['45', '45', '124'], ['45', '105', '118']]",12,209,149,40,0.07278990745544434
"[['45', '45', '121'], ['45', '45', '118'], ['45', '45', '118'], ['45', '45', '124']]",12,209,149,21,0.06582355499267578
"[['45', '105', '121'], ['45', '45', '121'], ['45', '45', '118'], ['45', '45', '118']]",12,209,149,39,0.04787302017211914
"[['45', '105', '121'], ['45', '105', '121'], ['45', '45', '121'], ['45', '45', '118']]",12,209,149,21,0.04887843132019043
"[['45', '105', '126'], ['45', '105', '121'], ['45', '105', '121'], ['45', '45', '121']]",12,209,149,40,0.046863555908203125
"[['45', '105', '119'], ['45', '105', '126'], ['45', '105', '121'], ['45', '105', '121']]",12,209,149,21,0.046874284744262695
"[['45', '105', '58'], ['45', '105', '119'], ['45', '105', '126'], ['45', '105', '121']]",12,209,149,40,0.04688906669616699
"[['45', '105', '51'], ['45', '105', '58'], ['45', '105', '119'], ['45', '105', '126']]",12,209,149,39,0.04785656929016113
"[['45', '105', '60'], ['45', '105', '51'], ['45', '105', '58'], ['45', '105', '119']]",7,209,209,40,0.04788565635681152
"[['45', '105', '60'], ['45', '105', '60'], ['45', '105', '51'], ['45', '105', '58']]",14,209,109,40,0.04788565635681152
"[['45', '105', '50'], ['45', '105', '60'], ['45', '105', '60'], ['45', '105', '51']]",0,109,209,40,0.10470700263977051
"[['45', '45', '59'], ['45', '105', '50'], ['45', '105', '60'], ['45', '105', '60']]",3,169,209,21,0.035308837890625
"[['145', '45', '51'], ['45', '45', '59'], ['45', '105', '50'], ['45', '105', '60']]",0,109,209,40,0.07576370239257812
"[['85', '45', '59'], ['145', '45', '51'], ['45', '45', '59'], ['45', '105', '50']]",5,189,209,21,0.03091740608215332
"[['85', '45', '61'], ['85', '45', '59'], ['145', '45', '51'], ['45', '45', '59']]",0,109,209,40,0.03590512275695801
"[['145', '45', '50'], ['85', '45', '61'], ['85', '45', '59'], ['145', '45', '51']]",0,109,209,39,0.04590129852294922
"[['145', '45', '58'], ['145', '45', '50'], ['85', '45', '61'], ['85', '45', '59']]",8,209,199,40,0.0737760066986084
"[['145', '45', '57'], ['145', '45', '58'], ['145', '45', '50'], ['85', '45', '61']]",0,109,209,39,0.031914710998535156
"[['145', '45', '59'], ['145', '45', '57'], ['145', '45', '58'], ['145', '45', '50']]",7,209,209,40,0.0608370304107666
"[['45', '55', '57'], ['145', '45', '59'], ['145', '45', '57'], ['145', '45', '58']]",7,209,209,39,0.032944440841674805
"[['145', '45', '55'], ['45', '55', '57'], ['145', '45', '59'], ['145', '45', '57']]",7,209,209,40,0.0637962818145752
"[['45', '45', '64'], ['145', '45', '55'], ['45', '55', '57'], ['145', '45', '59']]",5,189,209,39,0.030917882919311523
"[['45', '45', '51'], ['45', '45', '64'], ['145', '45', '55'], ['45', '55', '57']]",7,209,209,40,0.06183457374572754
"[['45', '45', '51'], ['45', '45', '51'], ['45', '45', '64'], ['145', '45', '55']]",7,209,209,40,0.06183457374572754
"[['45', '45', '58'], ['45', '45', '51'], ['45', '45', '51'], ['45', '45', '64']]",7,209,209,39,0.06682133674621582
"[['65', '45', '63'], ['45', '45', '58'], ['45', '45', '51'], ['45', '45', '51']]",0,109,209,40,0.04786944389343262
"[['45', '45', '51'], ['65', '45', '63'], ['45', '45', '58'], ['45', '45', '51']]",0,109,209,39,0.0468745231628418
"[['45', '45', '62'], ['45', '45', '51'], ['65', '45', '63'], ['45', '45', '58']]",0,109,209,40,0.046875
"[['145', '45', '56'], ['45', '45', '62'], ['45', '45', '51'], ['65', '45', '63']]",0,109,209,39,0.04787111282348633
"[['145', '45', '58'], ['145', '45', '56'], ['45', '45', '62'], ['45', '45', '51']]",0,109,209,40,0.04488039016723633
"[['145', '45', '65'], ['145', '45', '58'], ['145', '45', '56'], ['45', '45', '62']]",0,109,209,39,0.04787087440490723
"[['145', '45', '56'], ['145', '45', '65'], ['145', '45', '58'], ['145', '45', '56']]",0,109,209,40,0.07380199432373047
"[['145', '45', '62'], ['145', '45', '56'], ['145', '45', '65'], ['145', '45', '58']]",0,109,209,21,0.029920101165771484
"[['145', '45', '63'], ['145', '45', '62'], ['145', '45', '56'], ['145', '45', '65']]",7,209,209,40,0.0608365535736084
"[['145', '45', '119'], ['145', '45', '63'], ['145', '45', '62'], ['145', '45', '56']]",8,209,199,39,0.03194117546081543
"[['45', '45', '119'], ['145', '45', '119'], ['145', '45', '63'], ['145', '45', '62']]",6,199,209,40,0.06380081176757812
"[['45', '45', '124'], ['45', '45', '119'], ['145', '45', '119'], ['145', '45', '63']]",0,109,209,39,0.031915903091430664
"[['45', '45', '124'], ['45', '45', '124'], ['45', '45', '119'], ['145', '45', '119']]",8,209,199,39,0.031915903091430664
"[['45', '55', '118'], ['45', '45', '124'], ['45', '45', '124'], ['45', '45', '119']]",12,209,149,40,0.0927741527557373
"[['145', '45', '56'], ['45', '55', '118'], ['45', '45', '124'], ['45', '45', '124']]",12,209,149,21,0.03688764572143555
"[['45', '55', '56'], ['145', '45', '56'], ['45', '55', '118'], ['45', '45', '124']]",0,109,209,40,0.047863006591796875
"[['45', '55', '64'], ['45', '55', '56'], ['145', '45', '56'], ['45', '55', '118']]",14,209,109,39,0.04687356948852539
"[['145', '45', '53'], ['45', '55', '64'], ['45', '55', '56'], ['145', '45', '56']]",7,209,209,39,0.029819726943969727
"[['45', '145', '60'], ['145', '45', '53'], ['45', '55', '64'], ['45', '55', '56']]",7,209,209,21,0.030925512313842773
"[['45', '145', '49'], ['45', '145', '60'], ['145', '45', '53'], ['45', '55', '64']]",7,209,209,39,0.028931140899658203
"[['45', '45', '52'], ['45', '145', '49'], ['45', '145', '60'], ['145', '45', '53']]",3,169,209,21,0.033901214599609375
"[['45', '45', '58'], ['45', '45', '52'], ['45', '145', '49'], ['45', '145', '60']]",7,209,209,40,0.06183266639709473
"[['45', '45', '58'], ['45', '45', '58'], ['45', '45', '52'], ['45', '145', '49']]",7,209,209,40,0.06183266639709473
"[['85', '45', '55'], ['45', '45', '58'], ['45', '45', '58'], ['45', '45', '52']]",7,209,209,21,0.0658254623413086
"[['45', '45', '56'], ['85', '45', '55'], ['45', '45', '58'], ['45', '45', '58']]",7,209,209,39,0.0458829402923584
"[['45', '45', '53'], ['45', '45', '56'], ['85', '45', '55'], ['45', '45', '58']]",7,209,209,21,0.047864437103271484
"[['45', '45', '53'], ['45', '45', '53'], ['45', '45', '56'], ['85', '45', '55']]",7,209,209,39,0.04787278175354004
"[['45', '45', '57'], ['45', '45', '53'], ['45', '45', '53'], ['45', '45', '56']]",7,209,209,40,0.074798583984375
"[['45', '45', '52'], ['45', '45', '57'], ['45', '45', '53'], ['45', '45', '53']]",7,209,209,39,0.030918359756469727
"[['45', '45', '55'], ['45', '45', '52'], ['45', '45', '57'], ['45', '45', '53']]",7,209,209,40,0.06282949447631836
"[['45', '45', '57'], ['45', '45', '55'], ['45', '45', '52'], ['45', '45', '57']]",7,209,209,39,0.032912254333496094
"[['45', '45', '55'], ['45', '45', '57'], ['45', '45', '55'], ['45', '45', '52']]",12,209,149,22,0.034908294677734375
"[['45', '45', '47'], ['45', '45', '55'], ['45', '45', '57'], ['45', '45', '55']]",12,209,149,39,0.04886674880981445
"[['45', '45', '52'], ['45', '45', '47'], ['45', '45', '55'], ['45', '45', '57']]",12,209,149,21,0.04488062858581543
"[['45', '105', '47'], ['45', '45', '52'], ['45', '45', '47'], ['45', '45', '55']]",12,209,149,40,0.04787039756774902
"[['45', '105', '45'], ['45', '105', '47'], ['45', '45', '52'], ['45', '45', '47']]",7,209,209,38,0.04587745666503906
"[['45', '105', '50'], ['45', '105', '45'], ['45', '105', '47'], ['45', '45', '52']]",7,209,209,40,0.0468745231628418
"[['45', '105', '50'], ['45', '105', '50'], ['45', '105', '45'], ['45', '105', '47']]",7,209,209,39,0.0747995376586914
"[['45', '105', '50'], ['45', '105', '50'], ['45', '105', '50'], ['45', '105', '45']]",7,209,209,39,0.0747995376586914
"[['45', '45', '47'], ['45', '105', '50'], ['45', '105', '50'], ['45', '105', '50']]",7,209,209,40,0.06781911849975586
"[['45', '45', '48'], ['45', '45', '47'], ['45', '105', '50'], ['45', '105', '50']]",7,209,209,39,0.046872854232788086
"[['45', '45', '47'], ['45', '45', '48'], ['45', '45', '47'], ['45', '105', '50']]",7,209,209,39,0.07579731941223145
"[['45', '45', '44'], ['45', '45', '47'], ['45', '45', '48'], ['45', '45', '47']]",12,209,149,40,0.030917644500732422
"[['45', '45', '43'], ['45', '45', '44'], ['45', '45', '47'], ['45', '45', '48']]",12,209,149,40,0.034911155700683594
"[['45', '45', '45'], ['45', '45', '43'], ['45', '45', '44'], ['45', '45', '47']]",12,209,149,39,0.0488739013671875
"[['45', '105', '43'], ['45', '45', '45'], ['45', '45', '43'], ['45', '45', '44']]",7,209,209,40,0.04686403274536133
"[['45', '105', '46'], ['45', '105', '43'], ['45', '45', '45'], ['45', '45', '43']]",7,209,209,40,0.048868417739868164
"[['45', '105', '43'], ['45', '105', '46'], ['45', '105', '43'], ['45', '45', '45']]",7,209,209,39,0.07280731201171875
"[['45', '45', '39'], ['45', '105', '43'], ['45', '105', '46'], ['45', '105', '43']]",6,199,209,39,0.0309145450592041
"[['45', '45', '43'], ['45', '45', '39'], ['45', '105', '43'], ['45', '105', '46']]",7,209,209,40,0.036924123764038086
"[['45', '45', '39'], ['45', '45', '43'], ['45', '45', '39'], ['45', '105', '43']]",7,209,209,40,0.04585385322570801
"[['55', '45', '33'], ['45', '45', '39'], ['45', '45', '43'], ['45', '45', '39']]",7,209,209,40,0.046874046325683594
"[['55', '45', '38'], ['55', '45', '33'], ['45', '45', '39'], ['45', '45', '43']]",7,209,209,40,0.04787421226501465
"[['45', '45', '38'], ['55', '45', '38'], ['55', '45', '33'], ['45', '45', '39']]",7,209,209,40,0.04687070846557617
"[['45', '45', '35'], ['45', '45', '38'], ['55', '45', '38'], ['55', '45', '33']]",2,149,209,40,0.07480025291442871
"[['45', '45', '35'], ['45', '45', '35'], ['45', '45', '38'], ['55', '45', '38']]",0,109,209,40,0.07480025291442871
"[['45', '45', '32'], ['45', '45', '35'], ['45', '45', '35'], ['45', '45', '38']]",7,209,209,40,0.06881475448608398
"[['45', '45', '31'], ['45', '45', '32'], ['45', '45', '35'], ['45', '45', '35']]",7,209,209,40,0.04488945007324219
"[['45', '45', '31'], ['45', '45', '31'], ['45', '45', '32'], ['45', '45', '35']]",7,209,209,40,0.07578825950622559
"[['45', '45', '35'], ['45', '45', '31'], ['45', '45', '31'], ['45', '45', '32']]",7,209,209,40,0.031914472579956055
"[['45', '45', '31'], ['45', '45', '35'], ['45', '45', '31'], ['45', '45', '31']]",7,209,209,40,0.036902427673339844
"[['45', '45', '30'], ['45', '45', '31'], ['45', '45', '35'], ['45', '45', '31']]",7,209,209,40,0.04487752914428711
"[['45', '45', '34'], ['45', '45', '30'], ['45', '45', '31'], ['45', '45', '35']]",7,209,209,40,0.0468754768371582
"[['45', '45', '32'], ['45', '45', '34'], ['45', '45', '30'], ['45', '45', '31']]",7,209,209,40,0.07382822036743164
"[['45', '45', '37'], ['45', '45', '32'], ['45', '45', '34'], ['45', '45', '30']]",7,209,209,40,0.03089141845703125
"[['45', '45', '35'], ['45', '45', '37'], ['45', '45', '32'], ['45', '45', '34']]",7,209,209,40,0.03590083122253418
"[['45', '45', '33'], ['45', '45', '35'], ['45', '45', '37'], ['45', '45', '32']]",7,209,209,40,0.07581067085266113
"[['45', '45', '33'], ['45', '45', '33'], ['45', '45', '35'], ['45', '45', '37']]",7,209,209,40,0.07581067085266113
"[['45', '45', '31'], ['45', '45', '33'], ['45', '45', '33'], ['45', '45', '35']]",7,209,209,40,0.06980180740356445
