50.0,50.0,50.0,50.0,50.0,50.0,50.0,50.0,50.0,50.0,50.0,50.0,50.0,50.0,50.0,50.0
50.0,50.0,50.0,50.0,50.0,50.0,50.0,50.0,50.0,50.0,50.0,50.0,50.0,50.0,50.0,50.0
50.0,50.0,50.0,50.0,50.0,50.0,50.0,50.0,50.0,50.0,50.0,50.0,50.0,50.0,50.0,50.0
50.0,50.0,50.0,50.0,50.0,50.0,50.0,50.0,50.0,50.0,50.0,50.0,50.0,50.0,50.0,50.0
35.9819,50.0,43.56859,50.0,50.0,50.0,50.0,50.0,49.772713,50.0,50.0,50.0,50.0,50.0,50.0,50.0
46.22127,46.31672,50.0,50.0,50.0,50.0,37.326756,49.300243,48.99247,50.0,41.900993,50.0,14.42148,15.806214,46.979527,12.653008
18.271887,14.661014,13.951671,30.432623,29.717428,29.54682,29.72573,20.545012,31.230106,27.316261,32.411034,15.674282,29.112732,27.696491,32.411034,6.8479333
7.3055844,10.112549,0.5346041,11.248503,9.426001,41.994774,9.963889,9.887797,6.1107097,0.47919193,1.808921,0.13883814,6.1390123,4.5280643,9.786291,10.005747
0.83101475,0.08173866,1.2190417,1.5668799,0.0067671137,0.08173866,0.9669605,0.04433264,5.206411,3.9693367,0.8574102,0.48508903,1.9774554,1.146653,0.9300957,1.1215966
0.799286,3.3109417,1.2395887,0.9839399,4.1217227,0.9839399,0.49220556,2.333161,0.8042409,4.4579225,3.5849533,0.96185654,1.5436549,0.97080266,50.0,0.8798273
2.7758462,8.473832,6.3118525,0.2278993,10.700631,14.842536,8.440499,3.7686455,4.0441895,9.4915085,13.882878,3.201907,1.8856741,13.848673,3.5608838,4.2170973
5.7211194,7.6539745,7.746792,5.3437104,8.624217,13.950041,8.988322,12.760678,8.28492,6.1237187,5.297619,18.29774,14.95279,6.196145,5.89374,1.8594928
9.513617,50.0,9.657873,7.0015,2.105023,8.635035,6.4674554,11.776162,6.169015,6.9075336,15.486932,8.565579,6.845304,5.434857,7.0019784,9.425075
6.316361,3.0332265,11.351447,7.034021,7.2401943,6.433742,7.6981206,6.506979,6.7427673,15.32599,6.2976327,4.536677,7.0789604,15.510835,3.2692916,7.2285266
5.538088,15.479259,4.4070363,6.228211,1.3423793,13.734185,3.5202098,3.1376088,4.850163,5.501332,7.0290117,5.188594,5.032554,5.181815,5.154958,5.3172917
3.1140404,2.345558,2.3813694,3.1480293,1.4722717,2.517215,5.7633,6.51169,2.3571227,2.2843144,2.206048,2.413178,2.0518434,6.3573465,3.5007548,8.38069
1.1800259,0.5477901,0.8316063,0.38258368,0.48449492,2.7007058,1.0984758,0.6962908,1.1913807,0.40391085,0.47924995,3.9968023,0.43397963,0.89316213,3.038434,0.7858399
0.56502753,0.0016446828,0.020405576,0.43447825,0.094008975,0.08952357,0.08076171,0.068046615,0.04696695,0.03500095,0.028288092,0.09295927,0.5946913,0.2919928,0.098164186,0.23254971
0.0012085491,0.75684685,0.19978906,0.7938713,0.039933383,0.7225043,0.94917774,0.4736816,1.1106048,0.7023239,0.9359059,0.9860807,0.67920434,0.5555662,0.68987113,0.7847468
0.30812263,0.0035303752,0.26536396,0.6969201,0.4172943,0.8307267,3.834135,0.8092533,0.0035303752,0.74144477,0.17413336,0.8333754,0.6017547,0.5236819,0.51348776,3.318803
0.2687068,0.005182013,0.184243,0.30446276,0.37700808,0.0008846803,0.2966407,0.10868788,0.0003982654,0.2587062,0.16095074,0.06085115,2.01356,0.08905071,0.013547395,0.18118232
4.8289698e-05,1.4024315,0.02869228,0.0014217455,0.021121556,0.9138392,0.47691798,0.09588211,0.01045704,0.00010848898,0.009851754,0.0015420323,0.29959616,0.0018368147,0.090496644,0.090056516
0.0133135235,0.3533949,0.47600168,0.5919967,23.69344,0.14558774,0.031516276,0.11749425,0.17550667,0.0987263,1.0623311,1.5990713,0.13366263,0.19796196,0.42606068,0.03808596
8.4363427e-07,0.00088891183,0.08441627,0.008518065,0.009470564,0.010762506,0.061241444,0.13693076,0.008518065,0.043334562,0.16253921,0.003863288,0.008518065,0.0076468876,0.0148538435,0.041066084
0.16218182,0.3283064,0.02384368,0.8753739,0.08857596,0.62555486,0.24397123,0.2041252,0.00026891162,0.2637662,0.17205648,0.20478278,0.10214002,0.23615593,0.673355,0.15668257
1.0146022,0.015558575,0.19815286,0.106362924,0.1860561,0.13928345,0.0747087,0.19933741,0.080148965,0.073488705,0.0676418,0.15522806,0.08496812,0.24094558,0.16072713,0.33547086
0.44897726,0.0043533836,0.0076027247,0.0010676559,0.116113536,0.01466264,0.07694079,0.022837691,0.33966392,0.00022183824,0.013590925,0.033704992,0.15496168,0.08452399,0.01935504,0.54400045
0.07114296,0.04278091,0.18749115,0.062455982,0.113131024,0.018175477,0.11310621,2.327192,0.60854864,0.26544985,0.04503497,0.22103563,0.13524178,0.34150952,0.22103563,0.1271715
0.023739656,0.012740017,0.28499246,0.004382226,0.022852352,0.019216383,0.0006822479,0.005688383,0.065284215,0.012163271,0.008554354,0.00423722,0.039823312,9.053397,0.0034843152,0.0016729633
0.13644464,0.1408365,0.31545693,0.03185581,0.2280532,0.08715943,0.06601261,0.006892925,0.4349855,0.14349476,0.00694045,0.046949103,0.18376681,0.13327558,0.11754047,0.13517965
0.00048180908,0.1277334,0.22825037,0.019527638,0.22923538,0.010506907,0.19694382,0.1303172,0.16012922,0.13763611,0.138838,0.16003524,0.13901028,0.010959193,0.1941092,0.1417725
0.033719886,0.030218596,4.4316545,0.0285794,0.10045942,0.0105934655,0.03621854,0.0010220703,0.0020025757,0.13188666,0.1273357,0.112116136,3.8148284,0.3681619,0.010800973,0.066498585
2.5928795,0.8264764,0.1603574,4.527471,0.05460132,0.040910147,0.065870576,0.15005217,0.050325222,31.714104,0.025138995,0.057073466,0.056146994,0.064167775,0.08082928,0.06804888
0.11202236,0.8059886,0.0023894857,0.20133334,0.03684949,0.21021123,0.34259704,0.6305435,0.14344381,0.0037526353,0.06268745,0.12161705,0.5287433,0.27730885,0.079909414,2.8221855
0.00078920345,0.03142255,0.018770004,0.010655397,0.12881607,5.997197e-05,0.01951582,0.03615576,1.099979e-05,0.016462088,0.051174536,5.7836998e-05,0.024528185,0.7132333,0.031547077,1.0293276
0.7104638,0.1809566,0.07962906,0.117895655,0.07662276,0.7128332,0.0048591206,0.08808007,0.4371299,0.11070694,0.055225775,0.10609996,0.67184186,0.20585118,0.17734283,0.05854402
0.13799632,0.5998111,0.54899335,0.22344711,0.044563897,0.28621453,0.41767204,0.1998827,0.1959034,1.4046206,0.24040034,0.6095863,0.14121635,0.078433394,0.4717207,0.21122
0.09096853,0.0042596804,0.09123715,0.030591024,0.025045702,0.74770796,4.8939983e-06,0.02759454,0.16271774,0.09135681,0.03768548,0.09135681,0.024223464,0.0008904877,0.15104257,0.06719022
0.0007932194,0.044344924,0.00064927817,0.00797916,0.00014706109,0.010974313,3.2708456e-06,0.026264949,0.0017742494,0.004367209,0.6331568,0.004968091,3.188313e-05,0.0022565615,0.0017889378,0.023397552
0.14807081,0.07050986,0.05894327,0.03879868,0.061689705,0.266035,0.035531037,1.1623461,0.029980877,0.69117,0.16602243,0.69117,0.08040394,0.80221844,0.0117123015,0.00272055
0.0042604804,0.06783523,0.25322977,0.017871136,0.0063850926,0.05419914,0.034932457,0.025996072,0.00068272126,0.0029631837,0.7286844,0.03050438,0.0062668715,0.030072907,0.035763625,0.0042610653
0.012388346,0.098899476,0.076173276,0.00030616345,0.067338206,0.05632897,0.04992911,0.01435956,0.03936043,0.051133938,0.060995113,0.047831226,0.068859965,0.000505531,0.06889729,0.05215673
0.09103835,0.15354387,0.018934794,0.11550291,0.074418545,0.06431225,0.19694693,0.009520034,0.00050617446,0.08631926,0.11550291,0.20006393,0.045269564,1.3209152,0.097342975,0.03853883
0.02028377,0.03194007,0.016976576,0.026480658,0.027903866,0.020400614,0.00024385052,0.016342798,0.013309023,0.045088872,0.15517472,0.00016378818,0.013309023,0.31266934,0.089102656,0.039586935
0.014816604,0.0063410974,0.0044297744,0.005754099,0.08885479,0.043293536,0.00031496648,0.019984066,0.006630411,0.012529379,0.033544187,0.03905851,0.0023004687,0.012906556,0.00039753682,0.037325602
0.028015189,0.04040049,0.02794077,1.4398797e-05,0.012005018,0.011100336,0.0020935067,0.12340649,0.2762917,0.022956477,0.0600948,0.038498886,6.742818,0.00013406525,0.020631708,0.017240562
0.24507645,0.06594109,0.08131996,0.012564714,0.02739084,11.196828,0.00056875055,0.5189685,1.4047002,0.010645783,0.03062233,0.027978804,0.023192987,0.0064473227,0.008931819,1.142872
0.11206863,0.044587493,0.14021873,0.13152388,0.03311675,0.024701616,0.06846713,0.14987677,0.042492438,0.043443207,0.095147066,0.00041870272,0.036583215,0.08075939,0.058880705,0.06850944
0.06053904,0.08526389,0.013688643,0.04041851,0.05018451,0.008590019,0.012536884,0.08052308,0.0029123393,0.04320988,0.00070276234,0.3091862,1.9424051,0.004289672,0.062572524,0.016136557
0.9187603,0.051933944,0.003136213,0.14650299,0.91857237,0.024790611,0.08919183,0.00055479945,0.008591081,0.7335775,0.04144476,0.038532447,0.024561282,0.7575455,0.03598281,0.00804039
0.01022379,0.0019461055,0.015694886,0.0033097747,0.013111472,0.041637965,0.033799067,0.0005607795,0.20774838,0.005827556,0.0009760544,0.025491314,0.0071340255,0.021665024,0.00021994814,0.0071788523
0.46655777,0.123089686,0.03729176,0.014300726,0.02141422,0.0052300286,0.036343347,0.17231134,0.03615801,0.006555455,0.009793898,0.0402945,0.13152367,0.0803552,0.16482928,0.0007201249
0.011336452,0.118344374,0.16148199,0.22271417,0.24739636,0.022546835,0.023403797,0.0291248,0.15569958,0.08598535,0.1922974,0.022176938,0.022469783,0.016575454,0.023403797,0.023875792
0.04757677,26.047329,0.09233499,0.17973004,0.010725709,2.5316254e-05,0.0051950696,0.026701206,0.010043588,0.0016861787,0.008457387,0.00033441273,0.017614817,0.07038489,0.0010619275,0.15378605
5.1398012e-05,0.0015699365,0.0011672697,0.0005444011,0.0009221137,0.00024319848,0.0020588874,0.015316782,9.457345,0.012536949,1.538477,0.051096875,0.06959765,0.0074313264,0.015890874,0.058584865
1.3890187,0.0001824876,0.0839455,0.052241858,0.032250945,0.0019885504,1.0389556,0.24778657,0.68381673,0.017818762,0.0040454804,0.019543713,0.016179102,0.7091218,0.011536919,0.06197438
0.2292224,0.06231017,0.019045966,0.16027652,0.020588228,0.06450679,0.0013062895,0.02618106,0.017691202,0.06611454,0.02578871,1.2263241,0.025122277,0.0019772998,0.012857412,0.039570894
0.0026295623,1.1923743,0.024484916,0.000511872,0.04016374,0.028570656,1.8292639,0.01141452,0.42458636,0.0066855536,0.014625152,0.000511872,0.012091547,9.071695,0.019506123,1.1735674
0.013327898,0.0054019294,0.03895318,0.057321217,0.650091,0.0006603061,0.012646253,0.00051412487,0.29567567,0.00026988523,0.05451397,0.05273911,8.422355,0.14512637,0.044214163,0.18868096
8.938983,0.077974305,0.05868234,0.0133427,0.06337218,0.002470661,0.18785602,0.0123493895,0.0022622484,0.11376351,0.032849003,0.23749782,0.057403106,0.19619605,0.013090526,6.7615525e-05
0.0040599178,0.0004237096,0.00097498513,0.00017901427,0.0036329967,0.0503868,0.053029817,0.01479261,0.13128287,4.0176787e-06,0.00045293718,0.009841644,0.12266421,0.097080246,0.0004280766,7.0556235
0.05197594,0.052777596,0.013389949,0.09972801,0.014016468,0.13338055,0.029958615,0.018086713,0.1274587,2.4385471,0.12678885,0.0124009885,0.09769637,0.055794425,0.07461106,0.083073035
3.4958103,0.29908445,0.0012432683,0.0017065555,0.0001427892,0.075389996,0.03548697,0.002002325,1.7245452,0.0015691508,0.008872264,0.00858846,0.019906983,0.00072544283,5.0371553e-05,0.0014301526
0.02093651,0.005681503,0.037588634,0.01161398,4.6584446e-05,0.072796,0.02846846,0.9859446,0.033007115,1.4892632,0.018895112,0.0060177944,0.017125087,0.027205808,0.0069060307,0.00089620426
0.020390231,0.0009389773,0.02296057,0.0038096479,0.0006757114,0.0025486585,1.5535423e-05,0.020906799,5.108884e-05,0.09915307,0.011421239,0.0009389773,0.005290928,0.019132515,0.0042435,0.0064727524
0.10862173,0.029357921,0.1169137,0.0071567893,0.0046630804,0.027618246,0.0005944829,0.00020756345,0.424735,0.021499595,0.004854804,0.0011600966,0.044756994,0.43863297,0.011909586,0.012000335
0.17485559,9.042817e-05,1.9643304,0.05409778,0.013315235,0.03897974,0.0006892211,0.0014190221,7.904283e-06,0.0019363378,0.00090367626,0.0024462338,0.0006393562,0.009946729,0.0030803585,0.010657811
0.003037702,0.0660896,1.3617158,0.043214478,0.0150984675,0.016552834,0.42418566,0.03986058,0.004406407,0.016000606,0.010345736,0.0068244655,0.021906104,1.416399,0.2012695,1.4985447
9.992154,2.0459254,0.0013337211,0.12460806,0.0003905589,0.11596353,0.016051047,0.054900564,0.0060003144,0.037341185,0.017069645,0.117335595,0.09466656,0.027985595,0.04153046,0.0003555353
0.0076854317,0.036331464,0.053347714,0.056612168,0.66931266,0.032749448,0.00036183375,0.010660607,0.0009551748,0.010392194,1.2770606,0.0027640187,1.3072392,0.0024149294,0.016748091,0.024885679
0.009222086,0.0014261971,0.03202147,0.0076410035,0.11392125,0.01183615,0.15513626,0.1296847,0.0017397953,0.05456017,1.9157986e-05,0.016723681,0.072077684,0.085930996,0.004655425,0.0068339896
0.0022715905,2.95316e-05,0.014135812,0.0056971703,6.233608e-08,0.076087385,0.00062169036,5.2645835e-05,0.014249432,0.07369315,0.0002298079,0.0055546826,0.0026900086,0.09173225,0.7802732,0.016446535
0.017852755,0.000115563176,8.3190585e-05,0.0123203145,0.012711297,0.0051632607,0.010893953,8.034756e-05,0.009917949,0.019490514,0.0040973458,0.04893823,0.06213349,0.009688524,0.020411288,0.0062138895
0.0031621584,0.4294198,0.0014515194,0.0037871636,0.0012922649,0.004051002,0.06497823,0.0005899399,0.1309782,0.0021689644,2.1519184e-06,0.00048090518,0.0014515194,6.7285e-05,0.0168583,0.0028524147
0.09748841,0.009885374,0.0063346345,0.61298776,0.04647162,0.037327792,0.00051178783,0.00097346253,2.484641e-07,0.00746712,0.00071515783,0.022009773,2.9965406e-05,0.112060346,0.0033819473,0.0054594493
0.00872511,0.0040359176,0.086027354,0.0016032946,0.01746804,0.06076972,0.0059331576,0.3329189,0.05832955,0.013893223,0.014006233,0.00011639354,0.01998273,0.0009815798,0.0060209613,0.80480236
0.00024581054,0.0015251026,0.5603194,0.0040938617,0.024617333,0.5444741,0.0022097786,0.0010919358,0.0033809016,0.023753375,0.022839718,0.028584182,0.0022097786,0.00013476195,0.00039863333,0.0030455752
0.111411124,0.0003396289,0.033712957,0.00040908536,0.008177046,0.106377706,0.003495419,0.0048760474,0.013315483,0.00034721495,0.0055629304,0.114930265,0.015040894,0.014603637,0.31993067,2.4875355e-05
0.007011267,2.8377162e-05,0.002136378,0.00021790456,0.015715176,0.026601054,0.0057798387,0.0016097582,6.393085e-05,0.20735614,0.9710447,0.023041915,0.0033471703,0.016060254,0.019253539,0.02058594
0.75659513,0.028835097,0.0033364436,0.00865982,0.0024265777,0.0033364436,1.3526562,1.4817562,0.0013675563,0.012547144,0.35349792,0.0553968,1.5259955,0.0039180247,0.007294693,0.07337968
0.013233317,0.5275459,0.009900522,0.00039345163,0.0025603941,1.0094583,0.043101132,0.009182541,0.07269158,0.0016262959,0.008301104,0.019707875,1.5650759e-06,0.010130092,0.038325988,0.0018723479
0.14142594,0.44007644,0.0027306932,0.07977763,0.12724328,0.000116037816,0.07597894,0.0014150273,0.023943774,0.015855692,0.1204612,0.00373444,0.014097462,0.0029746392,0.0029746392,0.14025159
0.0020489274,0.013186316,0.62803495,0.0026865893,0.014014608,0.0028956265,0.007745757,0.0034145927,0.002118686,0.0024902034,0.0020498403,0.0017980472,0.013247571,0.0042041894,0.0059760157,0.121455476
0.025371717,0.0031960772,0.002592488,0.22777028,0.010431074,0.006105449,0.0134142395,0.008282911,0.38757503,0.0013674329,6.231058e-05,0.008581405,0.00594396,0.015239641,0.0074393856,2.1898568e-06
0.004414807,0.0060378914,15.306803,0.0047781365,0.03949397,0.509131,1.2677413,0.06642171,0.20802355,0.00085839693,0.026731351,0.00043027505,0.061006676,0.024137395,0.27329847,0.036075853
0.05737361,0.09376151,0.028739827,0.0420489,0.059627652,0.05915789,0.007597749,0.009405333,0.076036766,0.008382069,0.020785613,0.24905522,0.045078713,0.050782923,0.05565547,0.04042229
0.013790391,0.036904845,0.67424035,0.08718574,0.060789492,0.001250522,0.007963311,0.00030533675,0.0010006013,0.03992033,0.0014581374,0.0007177344,0.0053032557,0.052076887,0.0001694314,0.028973393
0.019878844,0.036651876,0.0013625071,0.038704146,0.053123314,0.033842288,2.2983525,0.04303457,0.036651876,0.0009415353,1.2124352,0.032821085,0.013252416,0.057825983,0.035321884,0.054284886
0.059204113,2.141218,0.00057900115,0.21713421,0.008115308,0.6431553,0.0153944,0.008011321,0.44381705,0.022031786,0.0007507086,0.038666263,0.0076204347,0.023591392,0.022395823,0.008115308
0.0013914476,0.03405558,0.03250133,0.047577158,0.053704593,0.03735485,11.026119,0.031652883,0.03913111,0.08594223,0.16259554,0.030927585,0.060712066,0.16259554,0.0040174327,0.092212096
0.045939907,0.024351696,0.009762607,0.031184724,0.033679076,0.0018180431,0.14435993,0.0313217,0.052758627,0.025013203,0.051736325,0.02642981,0.011362055,0.04782461,0.22309734,0.017371744
0.018551359,1.5340943,0.016492113,0.032436717,0.013542701,0.13471112,0.010794787,0.0027042066,0.002144649,0.005965027,0.008098714,0.0006913822,0.019357862,0.0025951387,0.032012485,0.030336602
0.068143025,0.039029293,0.00663577,0.0027360632,0.12057987,0.052479114,0.26788527,0.038057316,0.04383737,0.0553775,0.039029293,0.036230475,0.0026721305,0.0081795985,0.05577188,0.12933402
0.05098471,0.065518714,0.04204813,0.13281232,0.39957583,0.108214654,0.012481336,0.043114193,0.0004222168,0.14237578,0.086697765,0.25701183,0.0035447215,0.030842688,0.059127342,0.04184759
0.010048374,0.07405801,2.1287964e-05,0.00092650537,0.58580315,0.005442438,0.008638826,0.03725568,0.0023835863,0.005182464,0.003672092,0.0131925475,0.0005258462,0.003672092,0.07240624,0.012309457
0.008371638,0.032329526,0.016283073,0.056344002,0.010383327,0.09015085,0.073584795,0.0023586361,0.03350501,0.06581382,0.07148487,0.08200728,0.052855644,0.05675137,0.1117408,0.03350501
0.06461445,0.013917252,0.15856266,0.006502999,0.13876566,0.020032635,0.13648513,0.015600074,0.009366604,1.0794771,0.07963466,0.008897454,0.084667444,0.15809645,0.017297063,0.07335374
0.09678238,0.055942774,0.0674019,0.0070620677,0.05497729,0.0265754,0.21804152,0.057657488,0.10246134,0.03602841,0.006837632,0.02209164,0.016949657,0.000111340196,0.20248355,2.721265e-05
0.05281557,0.17958885,0.104397275,0.205855,0.2095076,0.0011423711,0.2825886,0.10312967,0.22594129,0.148271,0.011957488,0.016063403,0.07556317,0.08863918,0.13076815,0.9972058
0.002665969,0.021248538,0.019597318,3.3157852e-05,0.000110993795,0.04533135,0.030322539,0.013595735,0.0017979158,0.099595785,0.0115435375,0.01302731,0.0025214318,0.033927336,0.11383493,4.4909055e-05
0.24260455,0.058521684,0.23651384,0.102139756,0.28544044,0.07124287,0.1617904,0.13724151,0.072094984,0.044333782,0.0016441202,0.21554285,0.05674555,0.06559283,0.09669373,0.025080813
0.14813142,0.20828556,0.10374574,0.06680323,0.111617304,0.23517476,0.012592943,0.5626692,0.14777896,0.002574144,0.047638,0.10374574,0.045039747,0.09628955,0.24897437,0.00254871
0.45008063,0.004531655,0.041708615,0.08287546,0.14226162,0.028740825,0.014559853,0.026282322,0.13353857,0.00979253,0.0073154876,0.00043154747,0.0008709856,0.036212273,0.0048817364,0.08737058
0.047055244,0.012122828,0.010971986,0.042974494,0.058546208,9.9303885e-05,0.07724302,2.8564553e-05,0.27001914,0.06389047,0.08902362,0.22309427,0.0751657,0.34565616,0.09304491,0.001497377
0.59557056,0.10460622,0.29097608,0.1565353,0.21734028,0.14195554,0.52318853,0.0030284333,0.97858495,0.08162383,0.3526541,0.07458324,0.051737268,0.068853065,0.18372692,0.12106291
0.010732449,0.0036784199,0.011812857,0.18739435,0.0014850651,0.12180867,0.015235439,0.063064575,0.014870644,0.04135982,0.015071594,0.006500123,0.016999532,0.037980057,0.015043561,0.031928822
0.10300865,0.06809186,0.22087595,0.07537412,8.495006e-06,0.23162061,0.050851826,0.2684613,0.15973309,0.029968305,0.11754064,0.083016396,0.10936085,0.29849383,0.023021605,0.109421454
0.006667029,0.21049221,0.027080473,0.16988908,0.5257775,0.020637857,0.4298739,0.620266,0.1144495,0.13794303,0.27900407,0.25831956,0.18045926,0.3011067,0.037966732,0.13289385
0.048197653,0.40565562,0.5349266,0.41906103,0.12927473,0.11635465,0.10069817,0.08870324,0.15668242,0.15059385,0.402004,0.1462324,0.44687238,0.048778884,0.7500643,0.19571944
0.007629616,0.01682189,0.013307318,0.01682189,0.04540025,0.000978256,0.004080531,0.010676999,0.004622999,0.0036575447,0.027649675,1.317141,0.0053187055,0.0027226906,0.9275878,0.034402695
0.15545273,0.009109878,0.13293962,3.5180106e-05,0.14670949,0.13996997,1.005148,1.1290863,0.0035165176,0.06315377,0.05075835,0.11047061,1.005148,0.068071306,0.0050674425,0.35029405
0.16627464,0.18436725,0.11517918,0.24582322,0.5222451,0.090931386,1.2071896,0.2857726,0.23858793,0.34620613,0.23020843,0.14215872,0.24777742,0.16790943,0.15987727,0.24062634
0.0007802592,0.00029033283,0.12375533,0.072413065,0.107702695,0.18417516,0.073798895,2.1567464,0.09958838,0.098579966,0.4491726,0.10290093,8.191954e-05,0.13788722,0.060409114,0.021647368
1.4693228e-09,0.0018626706,0.0017029069,0.026561417,0.093950905,2.4215842e-07,0.0027596485,0.019668167,0.034658924,0.3538127,0.023063818,0.0059515173,0.020889584,0.0038042497,0.0026994443,0.07643365
0.1458083,0.107067466,0.10145461,0.108563624,0.13075285,0.14597888,0.04296066,0.0010233633,0.007057829,0.004101257,0.018629536,0.091075875,0.052335396,0.25877476,0.04108143,0.1763794
0.18450868,0.017626597,0.09258823,0.3311253,0.12251367,0.0025167982,0.13353795,0.09821085,0.34663296,1.2208743,0.113921665,0.24035475,0.00389053,0.14814411,0.035828736,0.20093806
0.2369124,0.020346737,0.080844976,0.041030727,0.031723574,0.06035934,0.1164288,0.018592486,0.04722318,0.00046664017,0.035063382,0.053975806,0.049732108,0.0010533652,0.03962807,0.15580043
0.0033209494,0.02365572,0.00035262006,0.013776072,0.030409986,4.4541208e-05,0.0055378783,2.7552247e-07,0.00058804895,0.022259928,0.010665374,0.031265866,0.08448246,0.00015164715,0.011266893,0.18607387
0.031413034,0.06441401,0.05092981,0.078433126,1.6504408,0.15181676,0.0064490163,0.10451835,0.08445485,0.23866935,0.00049414556,0.11075873,0.0009311596,0.050445385,0.13028373,0.07273153
1.1979803,0.11792179,0.0029888765,0.17731094,0.09028651,0.045896225,0.08211638,0.009351462,0.005907049,0.07694781,0.17862907,0.0327751,0.30030856,0.08527623,0.011828198,0.09928956
0.0016940425,0.0006773135,0.48310596,0.38881785,0.02215619,0.00038781395,0.008755947,0.013519598,0.0016827626,0.018899877,0.0074680024,0.03852713,0.00010711733,0.088547364,0.012701716,0.0023364085
0.3521215,0.0012339042,0.029570658,0.052470725,0.013913791,3.1670578e-07,0.19091953,0.06345826,0.056230668,0.17447329,0.13136968,0.020301852,0.05296367,0.024209542,0.075720385,0.11376599
0.09250784,0.022615219,0.0015937394,0.060672045,0.079789855,0.15773755,0.052999616,0.001482255,0.05401067,0.2252325,0.07680874,0.07320421,0.08587528,0.31323996,0.022973938,0.06551262
0.03429884,0.093527086,0.059328105,0.09791585,0.010917693,0.080372006,0.0066246735,3.4206103e-05,0.000100927005,0.03732906,0.047100924,0.006797925,0.011676088,0.104865976,0.00023585848,0.22928654
0.0585167,0.051855776,0.0060496638,0.08182113,0.018100275,0.08678663,0.0060496638,0.017927798,0.220468,0.005231049,1.3195829,0.00024573915,0.5933318,0.05729013,0.18451957,1.4572303
0.011966217,2.9437611e-05,0.0015508165,0.059295405,0.0068889987,0.07488131,0.069636464,0.04284334,0.14126,0.07028279,0.015515793,0.16082308,0.15061031,0.08497522,0.25468233,0.069636464
0.9285093,0.013611246,6.253058e-06,0.00032026626,0.016231202,0.059003916,3.2846667e-05,0.011305377,0.02006145,0.042998243,0.0030141305,4.9078044e-05,0.009055576,0.0115663,0.05265708,0.009973635
0.02001425,0.4276712,0.13058141,0.028787537,0.12197398,3.0787054e-05,0.07663146,0.060730994,0.020121729,0.014145789,0.021853799,0.02567088,0.00030655114,0.0009924576,0.4276712,0.0250496
0.5527112,0.034672964,0.0043069273,0.044271756,0.12866221,0.02432445,0.14201494,0.034936506,0.030010022,0.020381436,0.068818256,0.10703258,0.04109603,0.038142603,0.10703258,0.034018718
5.301193e-06,0.009662872,0.0031249302,0.29020324,0.14665872,0.7599568,0.0010137045,0.017696312,0.0077930694,0.040118854,0.074192405,0.0010031881,4.1426574e-05,0.0010353037,0.003658185,0.003715884
0.035973564,0.00022801584,0.02214385,0.018563636,0.1347948,0.0033411053,0.10463652,0.083464146,0.06446441,0.029920058,0.01646675,0.032077968,0.05976676,0.32735905,0.086744614,0.0024701348
0.0014127233,0.042601574,0.0109408805,0.0018036829,0.009313155,0.005178869,0.002866985,0.023957852,0.0040064,0.539511,0.010950439,0.0076455264,0.012539148,0.026084136,0.014683866,0.049193945
2.4594628e-05,0.0008766992,0.37362662,0.075985566,0.0076312944,5.3838463,0.82232237,0.00021436304,0.07822715,3.1582287e-05,0.06547778,0.002721026,0.0049466174,7.994458e-05,0.002450329,0.0028410526
0.028966794,0.0010376665,0.03609665,0.03949635,0.0156211015,0.013391214,0.025834909,0.24392319,0.23433965,0.004884941,0.00027326078,0.004884941,0.10998512,0.26132694,0.0045895167,0.008414982
0.0071123866,0.0002055548,0.2438401,0.0866835,0.014241891,0.06930809,0.2438401,0.0099183805,1.2970306,0.006351344,0.0008142875,0.02340735,0.00048484813,0.06878917,0.009734363,0.0008845115
0.0077304374,0.908924,0.0008392058,0.0348807,0.005784298,0.0015125569,0.007871466,0.134149,0.13513826,0.0041207303,0.0008392058,0.00628565,0.00034774453,0.003916187,0.0051356955,0.03783658
0.0032256423,0.46714148,0.067052804,0.00070352486,0.03692588,0.008813022,0.024920244,0.005306711,0.0032568562,0.004480781,0.0013494679,0.00079311454,1.7044148e-07,0.44365773,0.0027008739,0.00034162906
0.029164877,0.4278174,0.009196501,0.0045802696,0.001340483,0.268286,0.008685258,0.004837584,0.013203694,0.0005795968,0.013526407,0.0033315509,0.037220728,0.0152257765,0.0019704998,0.006471243
1.3989664,0.009476717,0.06372676,0.059799824,0.0838353,0.03148173,0.0024991964,0.043981656,0.008036201,0.04681882,0.007928936,0.014718799,0.0008592053,0.002466432,0.12087985,0.0061041364
0.00060302194,0.0010065491,4.779402e-05,0.0043666353,3.1061976e-05,0.0061209775,0.0030272198,0.0001555775,0.008619159,0.031784598,0.015706096,0.02957502,0.030454056,0.06046754,0.00894281,0.0033313553
0.0029231203,0.0017211693,0.006481644,0.020122718,0.0011792078,0.0021685886,0.0071989438,0.04635532,44.677776,0.0010278712,0.008763591,0.04701758,44.677776,0.08720023,0.0029178278,0.01673216
0.037594616,0.00046472598,0.008264865,0.0016191714,0.0112633705,0.005831894,0.004665243,0.00028427635,0.07253001,0.0068749795,3.735192e-05,3.0487687e-05,0.024491968,0.014343611,0.007269387,0.0019458455
0.00023310375,0.00063407473,0.0033419186,0.00877982,0.021706333,0.085486956,0.038662184,0.0021411164,0.002696769,0.026753655,0.0009965798,0.02064016,0.008488107,0.0006562284,0.011970944,0.022916803
0.011275807,0.00023886978,0.015022695,0.13689642,0.03488754,6.616596e-05,0.02648463,0.0037790132,0.018128848,0.010496293,0.0027253982,0.010038637,0.007106171,0.00045827834,0.005178471,0.10687346
0.00032828393,0.037740402,0.008586491,0.0093771545,0.003372413,0.008550399,0.0032270032,0.00021666713,0.13652064,0.0021585834,0.0035019293,0.066438325,0.02437039,0.0051829326,0.00028600672,0.00024666052
0.00014133398,0.022524212,0.0044627097,0.017386917,0.005871869,0.0043267873,0.020194402,0.0033201599,0.010951874,0.07947386,0.00010664679,0.0026085272,0.00494892,0.002175257,0.002555901,0.00015744107
0.2595508,0.004325082,0.00088493316,1.0624132e-05,0.015353438,0.0047756135,0.00046988222,0.05279133,0.008932716,0.033269163,0.48099163,0.018068573,0.00061798346,0.024008734,0.027228953,3.8646145
0.03139642,0.0045584026,0.037189033,0.012541215,0.047448825,0.0026040284,7.549455e-05,0.012975652,0.07311718,0.01717708,0.009160781,0.041748203,2.043971,0.0104666315,0.000199102,0.00019433026
0.044853162,0.05240999,0.14630084,0.048480213,0.029150823,0.0852855,0.03239908,0.013836179,0.0049845395,0.004544942,0.029869057,0.029689806,0.01090479,0.028746227,0.1004119,0.019265201
0.0087371785,0.0047494355,0.0026155603,0.015570748,0.004395976,0.009447781,0.02245396,0.014905148,0.00044683623,0.00682833,0.004191497,0.9518444,0.012659904,0.0029958698,0.27419373,0.01805964
0.012801006,0.0018029943,0.019066146,0.000571859,0.01577021,0.007893199,0.0034399026,0.0012248922,0.0074240123,0.004292458,0.028283626,0.0021724852,0.001839906,0.030053215,0.0010356705,0.32498324
0.07961773,0.023501469,0.022713747,0.028024573,0.13805963,0.013866808,0.16380578,0.029279968,0.13535003,0.043100413,0.15229717,0.12572236,0.028091826,0.029279968,0.028183434,0.024568442
0.00048556997,0.083937764,0.0051388727,0.030106837,0.0032747444,0.030995347,0.99432606,0.007200502,0.00038441064,0.007482187,0.0029648556,0.006444835,0.012978173,2.0457988e-05,0.004007903,0.0010960897
0.026792033,0.45753932,0.028297799,0.01151793,0.019197356,0.048888393,0.007938479,0.028297799,0.019467747,0.046730738,0.021977196,0.017699787,0.1921012,0.08878241,0.0011051343,0.024696281
0.26274687,0.004800789,0.020384295,0.00019079701,0.030450577,0.024414986,0.006190826,0.014845032,0.05852863,0.3303589,0.01874089,0.01643265,0.42949235,0.0034417266,0.011444473,0.0028141704
0.019269478,0.0006554664,0.014308959,0.1578127,0.30840823,0.012307096,0.03211833,0.017092798,0.037440974,0.08815098,0.0074550025,0.022579076,0.017385047,0.04422389,0.03596226,0.052217618
0.017552853,0.017448919,0.014515376,9.227851e-05,0.051955085,0.13255186,0.07192098,0.13285427,0.0011529728,0.001541333,0.02735396,0.034403827,0.0057845013,0.62691796,0.07546728,0.0015536969
0.0022453563,0.0030014976,0.0001445682,0.058603935,0.0059325746,0.0004830454,2.376218e-05,0.011300312,0.03472791,0.44803217,0.015847024,0.036618136,0.0004237648,0.016472764,2.0443337,0.0013394462
0.0028847265,0.006146589,0.034329046,0.0047135237,0.00018387772,0.004643421,0.00354564,0.002169739,0.017251054,0.010682774,0.0071035144,0.01043258,0.005406795,0.01043258,0.013746749,0.014444101
0.023968602,0.004365644,0.04099737,0.027825428,0.027825428,0.011701921,0.0012860107,0.00010255605,0.006077179,0.00055773364,0.004953213,0.019139115,7.925571e-05,0.0014534153,0.008562384,0.029993214
0.5674869,0.00023794615,0.0444577,1.0249504e-05,0.07690014,0.0009259498,0.023893509,0.0008039182,0.10244571,3.299193e-06,0.00021907211,0.0012714029,0.019624617,0.013838455,0.0028709488,0.019624617
0.0036023052,0.02524308,0.08494045,0.00090140355,0.0364885,0.0030623868,0.032795478,0.0014217455,0.0032626987,0.00478309,0.041728564,0.019364433,0.0022268693,0.0043838248,0.0850209,0.0006710351
0.0984394,0.0021439632,0.0056068916,0.03600387,0.09171538,0.30248278,0.0020259006,0.15380232,0.0023471995,0.067368105,1.4123061,0.0003934833,0.018356184,0.047866836,0.07685767,0.09256661
0.0007283936,0.036260124,0.00076347194,0.0051180325,0.02446195,0.00060728117,0.24150017,1.4097639,0.010938469,0.0077005113,0.005572598,0.0035879125,0.010202587,0.0057980907,0.082558125,0.00039284083
0.010283371,0.024962293,0.023174452,0.08453802,0.059703358,0.047455598,0.018431893,0.07570638,0.0040452834,0.02114125,0.008793986,0.006656145,0.2607146,0.023666674,0.01583617,0.45429754
0.023686597,0.0023820407,0.015724827,0.0526833,0.0025778916,1.8169474e-05,0.012565262,0.0073130983,0.0058313045,0.007846218,0.034266777,0.034432627,0.0005879685,0.35276762,0.00024084488,0.0012417731
0.7236751,0.06233366,0.058597773,0.10662958,0.020451494,0.020153873,0.023022387,0.1325188,0.023022387,0.012389898,1.0862342,0.18190366,0.011642837,0.008120864,0.0401312,0.17949401
0.0588175,0.029930832,0.00059401785,0.032089055,0.028045505,3.4913824,0.0130525045,0.002444875,0.018987847,0.0038323118,1.5946395,0.007708367,0.004113797,0.00323509,0.0011722214,0.01203267
0.7181996,0.043021854,1.8718692e-05,0.25909767,0.02541373,0.0330571,0.025889821,0.021144738,0.019422218,0.016298046,0.0032831063,0.023515817,0.0051021073,0.003459642,0.033818692,0.04271547
0.062251195,0.009924892,0.04417421,0.007754987,0.0033868544,0.2005734,0.016329912,0.010347554,0.030359033,0.0076287333,0.021613618,0.17453256,0.0010801223,0.0031150326,0.005999568,0.00046805394
0.030881649,0.015637679,0.02025253,0.000860241,0.32417217,0.034205522,0.028602969,0.013938245,0.0049913353,0.0017310469,0.1392893,0.0012070909,0.43267325,0.01550578,0.031350523,0.6851387
0.11186111,0.17803574,0.0292526,0.02722404,0.052965593,2.23951,0.08163023,0.03097272,0.0026932245,0.031599324,0.26204938,0.23562557,0.11904203,0.061110582,1.5684565,0.09660629
0.054088637,0.0072879824,0.016494423,0.031556822,0.024041228,0.00819449,0.050214093,1.4813606,0.06887243,3.829148e-05,0.02243028,0.037181642,0.028094923,0.033510573,0.037181642,0.06832519
0.04005409,0.02864113,0.23147158,0.005843616,0.016848909,0.053713106,0.10788972,0.01948851,0.012901529,0.047232464,0.058573384,0.02864113,0.004730067,0.026671179,0.037088025,0.048304882
0.14441785,0.046932682,6.141565e-06,0.33384094,0.061065253,0.013003932,0.050340097,0.0851733,0.084255315,0.005245447,0.0012111929,0.061617885,0.06794638,0.00276677,0.18226153,0.04639713
0.022817066,0.0053064227,0.0006003277,0.08857973,7.435036e-05,0.009063578,0.0034372576,0.01018825,0.05252564,0.011463922,0.0045618573,0.0018442323,0.009784202,0.041358102,0.11715429,0.037021227
0.14871435,0.13425015,0.13495898,0.098585896,0.00834425,0.115349464,0.061332576,0.028442686,0.04591167,2.446474,0.01163849,0.08629746,0.0034833062,0.0149904275,0.0014327451,0.8037567
0.27683887,0.48740137,0.04556181,0.044385824,0.04647703,0.05108395,0.09039646,0.024177406,0.035138726,0.011568403,0.036243692,0.05546693,0.024177406,0.05954241,0.041580744,0.031904295
0.003108965,0.033150654,0.0050956,0.08925797,0.1409182,0.065606795,0.004080443,0.008966596,0.12342244,6.6419474e-05,0.04595176,0.019449648,0.016787626,0.013884704,0.05599577,0.003853832
0.038432114,0.040981267,0.049353838,0.038961712,0.5099152,0.05934063,0.03846647,0.06726866,0.045974273,0.0066105616,0.0094176745,0.5099152,0.0047688214,0.05687644,0.10405253,0.036099043
0.08112166,0.00016793699,0.14104642,0.013397005,0.022962114,0.2600617,0.016887741,0.04213722,0.017893849,4.9906284e-05,0.0008243015,0.026652856,0.015017546,0.027415311,0.101057,0.053970262
0.116773866,0.23900157,0.006721197,0.05160746,0.0016030468,0.0010588733,0.007870673,0.008503681,0.0017634239,0.018105833,0.45499986,0.0108059645,8.311852e-05,0.0020709739,0.13151516,4.5018405e-05
0.10739394,0.023767237,0.013016672,0.6273046,0.115604304,0.014692466,0.92620295,0.02641896,0.016403798,0.024252014,0.0002607077,0.015438413,0.013565106,0.019041609,0.12618648,0.213233
0.006772363,0.14571646,0.0006350792,0.0016031341,0.013544093,0.004360742,0.0049780104,0.0023196503,0.052815255,0.00362053,0.01780515,0.00045942544,0.030754117,0.19379099,0.010566891,0.0056905067
28.019823,0.042667642,0.92784536,0.00040531298,0.042859726,0.00069162104,0.0039453134,0.012666721,0.0009436311,0.00011383174,0.005294019,0.03322303,0.00042013507,0.021926688,5.8596663e-05,5.103948e-06
0.053321216,0.0017641449,0.09286708,0.10282224,0.0038931717,0.046915308,0.04721972,0.2224399,0.0380886,0.19583665,0.09529945,0.320805,0.01527405,0.0009780591,0.041286424,0.44292003
0.037021678,1.5161332,0.024001863,0.08523165,0.033758458,0.038135853,0.03632015,0.10770658,0.041132744,0.0077878386,0.042988136,0.026871461,0.041768216,0.66095597,0.3199952,0.29353985
0.027688218,0.0015796932,0.014433425,0.0060518715,0.00023360288,0.0012311663,0.0042885304,0.0002702402,0.00981941,0.005552407,0.003936535,0.019443065,0.080231175,0.0034605297,0.035871316,0.0821444
0.25436756,0.014413757,0.7189991,0.015449332,0.032494888,0.05411639,0.07996371,0.13420351,0.08890012,0.011830416,0.035442974,0.042484555,0.17553517,0.10033935,0.01686619,0.36669543
0.008484298,0.0040868707,0.00025768916,0.035131034,0.04275239,0.010559228,0.004280969,0.0049895034,0.047364023,0.0011282197,0.00021103803,0.0706469,0.1492568,0.012231161,0.00020441909,0.0013289634
0.0115912985,0.058334257,0.034443118,0.0010638016,0.0085973535,0.07438174,0.0027481334,0.014250382,0.001877144,0.01590087,1.0335239,0.046959203,8.815119e-06,0.007015306,0.02157473,0.03189762
0.00069866894,0.017463977,0.52885634,0.12158261,0.010865573,0.10018247,0.01029569,0.0022800555,0.002870839,0.016556509,0.010005928,0.008917555,0.023791628,0.005343752,0.008131575,0.002579377
0.95313007,0.0048266025,0.085512854,3.6725098e-07,0.011920558,0.039336417,0.04247754,0.4032098,0.0048661334,0.088199444,0.07810415,0.003255448,0.011297818,0.095652826,0.017221455,0.00045669446
0.005610298,0.034827042,0.02610968,0.57577604,0.017684609,0.02610968,0.03842673,0.013120832,0.013635852,0.044441335,0.0063897115,0.0058379364,0.080086075,0.015155041,0.35953918,0.07539459
0.0077946647,0.0018888286,0.0010123098,0.02855291,0.010282113,0.01238393,0.0013054388,0.03827159,0.0016987622,0.00048543312,0.0089432085,0.017815452,0.06277505,0.07342289,0.01757432,0.007070293
0.007025594,0.07780968,0.011960325,2.1109846e-08,0.00024350327,0.016211525,0.014208138,0.010106761,0.005458995,0.075955495,0.004299909,0.02723986,0.01938724,0.0008865506,0.010654847,0.0015585137
0.022020591,0.0070483624,0.03267418,0.016243223,0.00698638,0.039275154,0.0017447881,0.031165924,0.030950088,0.08727548,0.00020931273,0.00806983,0.0040621185,0.010250566,0.0032043129,3.6372392e-05
0.0055362517,0.008638373,0.10720956,0.021149518,0.016643297,0.025660856,0.005796067,0.00012302726,0.07183411,0.00030731168,0.030020753,0.0006994039,0.000702904,0.011612104,0.00550608,0.0011223716
0.84528303,0.011143281,0.6345483,4.8742062e-05,0.004211367,0.074780636,0.04715223,0.16554764,0.0106620155,0.022641156,0.7421227,0.025846055,8.0686434e-05,0.0029235387,0.05385669,0.056068167
0.115054384,0.057022184,0.00039133767,0.0007651778,0.008654044,0.0006541663,0.00014800893,0.00055150007,0.049758587,0.0028708251,0.054323845,0.0003465127,9.862247e-05,0.001287131,0.0003465127,0.05022005
0.00044555703,0.0003259345,0.043700304,0.0062787714,0.025196463,0.0060164183,0.018609872,0.013177857,0.00022277492,0.006760882,0.005742859,0.00021641838,0.004832735,0.0025340158,0.0021876984,0.0062787714
0.021087727,0.006577558,0.25847515,0.020511707,0.019554954,0.0025593857,0.030980907,0.0005933562,0.12875846,0.014899497,0.0045857895,0.010730715,0.36149856,0.06505952,0.25797564,0.006545923
14.686334,0.008993839,0.0065990826,0.07580596,0.3857058,0.056723885,8.3087216e-05,0.002261339,0.0074787154,0.0023006597,0.90647113,0.04173228,0.0016799627,0.0038100693,0.003408679,0.0019506516
0.0016209304,2.5256308e-05,0.00010518294,0.0025880795,0.6481294,0.0020456451,0.0007327715,0.0050928527,4.5406914e-06,0.3724359,0.011264513,0.015594591,0.010079396,0.01895317,0.12081799,0.0024514175
0.007569614,0.01505352,0.008403011,0.038132336,0.51535946,0.07424213,0.020809429,0.0060067778,0.05343987,0.027186327,0.07113976,0.003912879,0.16891377,0.017327746,0.00037359685,0.51535946
0.45715114,0.016925875,0.00024410784,0.01676112,0.0070319483,0.037136525,0.0043203244,0.020704212,0.007820429,0.0007533174,0.011428035,0.011337966,0.115164265,0.61938804,0.026800785,0.0016508361
0.04369196,0.005607115,0.07356323,0.015478468,0.012540217,1.4604591,0.053211406,0.05030663,0.04369196,0.042056125,0.04763998,0.04007739,0.0037353085,8.5406816e-07,0.6050943,0.080732144
0.006456064,0.012201532,0.029786162,0.0063807303,0.009203704,0.014413485,1.0251132,0.0039779884,0.019975025,0.13394618,0.0110653555,0.0041261013,0.017944204,0.0028177279,0.029003529,0.047032937
0.014840593,0.43360102,0.01270055,0.14372197,0.00083979714,0.22907066,0.042346716,0.049220327,0.010066611,0.009172967,0.011963663,0.03499008,0.09722994,0.092361934,0.0067119496,0.011166003
0.1702347,0.09424143,0.19253978,0.07804415,0.017171381,0.0501288,0.0061733923,0.07041671,0.051916745,0.04929645,0.09533947,0.11357621,0.061267562,0.0060475194,0.07502137,0.17554827
0.030335592,0.088764764,1.9325755e-06,0.009613378,0.016994497,0.026763093,0.0025967876,0.009542003,0.038709085,0.01385656,0.03033061,0.029896293,0.021323618,0.03948448,0.054727934,0.09878302
2.2303806e-05,0.52972406,0.019460049,0.020441331,0.003075772,0.00028601356,0.050402813,0.014178154,0.02864747,0.028238688,0.010017335,0.006481614,0.028238688,0.13811196,0.041476544,0.17249055
0.047371577,0.00039474093,0.073595345,0.051566567,0.016284194,0.16059518,0.027377615,0.0060759126,0.072165065,0.11852619,0.040563036,0.0558577,0.021840377,0.003322098,2.496587e-05,0.020607933
0.02276625,0.06827278,0.016390042,0.16207738,0.005288955,0.0029508388,0.021944612,7.2402945e-05,0.006060854,0.08957122,0.11138356,0.76308995,0.037705477,0.001743847,0.020217909,0.008439124
0.0039486745,0.0059444765,0.015721792,0.057477433,0.05185126,0.002660308,0.008895161,0.006599327,0.009067247,6.155931e-06,0.010115495,6.647953e-05,0.0420543,0.052740578,0.36631387,0.0014152075
0.056495752,0.005175136,0.0010055214,0.003414249,0.09213261,0.006226151,0.015373913,0.17687093,0.00433571,0.008184256,0.031859003,0.004100229,0.0007814078,0.058748152,0.015373913,0.60882396
0.00054860703,0.002493069,0.0014297991,0.052349303,0.039581493,0.00033775772,0.0025738052,0.011582095,0.3448112,0.08448528,0.022941021,0.0319994,0.060342193,0.022659928,0.48265928,0.059772972
0.015782129,3.0864358e-05,0.085582204,0.0008019324,0.00986049,0.026152091,0.041630164,0.033517886,0.013952188,0.07115015,0.01346407,0.00813216,0.009013492,0.0075587463,0.00813216,0.00011381139
0.018629989,0.003521249,0.3855825,0.0030007039,0.02199574,0.004164946,0.0027864352,0.018650237,0.62465245,0.02199574,0.010675249,0.004743265,0.008571533,0.0016064636,0.072801225,0.18546365
0.0012458542,0.16404194,0.00015685332,0.00018435199,3.1579875e-05,0.014131629,0.061146986,0.0054838965,0.03853426,0.0013481667,0.0055979565,0.42008033,0.0007254319,0.0002609418,3.828521e-05,0.25526
0.0035441893,0.0027519392,0.40455127,0.01007211,0.01611576,0.0057690674,0.07751768,0.00063525676,0.27174816,0.0033158811,4.4678277e-06,0.017384386,0.052195508,0.027547568,0.0716237,0.032627203
0.03469487,0.0037702816,0.011200009,0.024978044,0.03968108,0.051059112,0.017567158,0.0043945643,0.051669914,0.004631353,0.017567158,0.02199548,0.011276982,0.38524395,0.05291207,0.0010105469
0.047056787,0.0039133686,0.00020421633,0.00024125057,0.0006112432,0.0012826289,0.025548752,0.0002468755,0.0004642951,0.016674872,0.011361719,2.665653,0.0029817023,0.025720026,0.016674872,0.04886914
0.0067253243,0.00015508097,0.0028776855,0.005460588,0.07022367,9.361996e-07,0.011378839,0.00046455304,8.7301974e-05,0.067061394,0.22111794,1.0245383e-05,0.0037215396,0.06237986,0.0032970442,0.00041275358
0.15796003,0.010832609,0.003059118,0.005338809,2.1418573e-06,0.06324634,3.4975074e-05,0.00081503805,0.024475833,0.00048162538,0.03562481,0.00048162538,0.029294483,0.011963454,0.00029831153,0.00057309517
0.00080633035,0.11200742,0.0052784216,0.03660978,0.0022464863,0.01045441,2.315609e-06,0.070657305,0.009997277,0.17062423,0.006187705,0.0015549184,0.009997277,0.033384297,0.0013973609,0.0012226823
0.010234016,4.2375075e-05,0.004028853,8.060807e-05,1.2263248e-05,0.002052032,0.0026522558,0.00046614744,0.14924508,0.008363634,0.0030801394,0.0025231896,0.027908206,0.36276168,0.009148518,8.309895e-05
0.052281957,0.07034249,0.0001792887,0.00039933767,0.8293087,0.018349642,0.019662015,0.01689605,0.0107595,4.589478e-05,0.0022584829,0.0002030487,0.0071964357,0.0051471214,0.00014403292,0.0059227296
0.02115507,0.004487273,0.020022573,0.030448314,0.0002512609,0.0024775628,0.04256875,0.01001242,0.004291758,1.3463588,0.0029025322,0.0005103046,0.017105523,0.040851478,0.061923455,0.028841788
0.0038962902,0.011435071,0.012018387,0.024730468,0.00704841,0.011435071,0.13845526,0.004004535,0.0009559044,0.0946987,0.0015807396,6.837813e-05,4.426048e-06,0.000678347,0.00011475545,0.001488972
0.0014293628,0.0050530857,9.774176e-05,0.026979672,0.003738461,0.004850288,0.06482589,0.0017165779,0.00024884878,0.0060563446,0.26308808,0.00078840664,0.0011571865,0.002415186,0.0068394635,0.008885384
0.00052877417,0.004242823,0.0008872979,0.0008077002,0.003876379,0.0007776079,0.035581477,0.037541945,0.0016161967,0.5870219,0.002649931,0.00014012486,0.069085985,0.0015458147,0.07342441,0.008151117
0.041791335,0.0008443911,0.15440165,0.0075977826,0.26250184,0.0032352947,0.028937034,0.00023786927,0.007927057,0.063600406,0.0142970225,0.09714385,1.6125336e-05,0.03768286,0.00094852597,0.0015754328
0.027991822,0.00043448652,0.005545912,0.00046051867,0.00053983275,0.0030991035,0.005545912,0.02489055,0.062121715,0.0052541858,0.001516526,0.011496834,3.1069433e-06,0.0027480407,0.0043854383,0.00033494527
0.0011733032,0.0011540636,0.00015702342,6.8365516e-05,0.04025538,3.806388e-05,6.203642e-06,0.00010744948,0.0039327713,0.16040513,0.021063592,0.05201228,0.010610056,0.023751378,0.020008214,0.16298607
0.005299016,0.0012828747,0.07937968,0.0033634023,0.022898832,3.755108e-07,0.008621541,0.0018432455,0.015946234,0.106175184,0.07480572,0.0021616484,0.001345876,0.013698889,0.0023243048,0.00020255297
0.053388737,0.059130754,0.0007262931,0.0046852813,0.00126136,0.005310051,0.052537527,0.041599173,0.2802387,0.00944227,0.025287494,0.03337297,0.0008339642,0.004375502,0.008980576,0.218902
0.003587407,0.005234433,0.003950371,0.032713234,0.00505284,0.018774087,0.9629986,0.0008022845,0.047202893,0.0067453175,0.0027910194,0.007949045,0.011727659,0.017201588,0.010927443,0.0080745
0.0007652365,0.02662433,0.013223456,0.03559981,0.10734869,0.0006657526,0.0036019902,0.010013282,0.022399275,0.029582534,0.00024867992,0.00078844745,0.006585486,0.042389214,0.9257352,0.012662862
0.0019078132,0.0007241568,0.023130404,0.009419462,0.3190825,0.002150812,0.0118240435,0.049362164,0.017827356,5.4614707e-06,0.014214697,0.25332576,0.0032196166,0.0066106003,0.012989942,0.0008159334
0.004295167,0.34671366,0.017176142,0.10382661,0.19028611,0.02626164,0.005333244,0.0040238607,0.010237716,0.113167934,0.025511794,0.0058810026,0.010237716,0.016231352,0.015464991,0.1666375
0.00015483225,0.00047406115,0.0069409725,0.010659071,0.004408194,6.533147e-06,0.031120304,0.0020044267,0.015809374,0.012044661,0.0026240097,0.09037254,0.026074605,0.010244472,0.0057591423,0.011972959
0.0036718913,0.010013117,0.06019135,0.005194034,0.00044944332,0.055004086,0.014882703,0.00012651358,0.0015108801,0.054764822,9.366426e-05,0.06019135,0.023346467,0.0006102769,0.07853163,0.019957434
0.02569417,0.014522742,0.04291196,0.013720999,0.02704124,0.007508947,0.0564243,0.00214349,0.0001572315,0.012110196,0.00079200295,6.570635e-05,0.009840538,0.00039768516,0.008457501,0.0019390313
0.12776035,0.00656237,0.0014208547,0.009290201,0.010734291,0.02431494,0.005554809,0.023657355,0.035669923,0.002554769,0.01394904,0.053300407,0.0016095727,0.14160374,0.04517978,0.004822958
0.0036976065,0.026265213,0.009683821,0.0020886667,0.060960945,0.030819807,0.0017616267,0.0029531037,0.016079344,0.0016785441,0.045871556,0.021698512,0.041944068,9.21614e-05,0.00011921828,0.031175343
0.025954658,0.027310623,0.010239755,0.4641397,0.001141385,8.214412e-05,0.062121674,0.00043419734,0.02003945,0.000519769,0.00023632777,2.3519437e-05,0.002361366,0.0037215077,0.0047323094,0.019739157
0.010621238,0.00130118,0.007666901,0.027450439,0.0025211542,2.2068245e-06,0.42624122,0.0077659287,0.013306449,0.007411847,0.00020050058,0.0031203388,0.0020412824,0.0011572173,0.002763721,0.00047225453
0.00045629204,0.03519463,0.010382717,0.007375328,0.00013039447,0.0127940755,0.006696531,0.00096534303,0.022505214,0.007395433,0.00275301,0.00528617,0.00029333786,0.002587045,0.00032587923,0.022068104
0.0007480594,0.006161029,0.0008655585,0.031458113,0.002399729,0.0035000534,0.052744564,0.001671614,6.3248954e-06,0.09290539,0.013996105,0.06762347,0.06067699,0.07676554,0.035721283,0.26234168
2.2435062e-05,0.0050907754,0.113725945,0.0025403937,0.049280856,0.00037334897,0.0006934889,0.9275064,0.0004417951,0.030705027,0.0071458304,0.0027305712,0.0054540127,0.009819736,0.0035392377,0.017751595
0.004809165,0.081491,0.0147256125,0.11703694,0.1662574,0.0004035083,1.675004e-05,4.2606483e-05,0.02191812,0.020141494,2.509744e-05,0.0027015777,0.032946493,0.004129276,0.0025811924,0.047114667
0.12237359,0.040663857,0.044487383,0.019667394,0.016902657,0.055626765,0.0056103324,0.022846652,0.06104034,0.01995709,0.07090395,0.06483415,0.002646904,0.0008097023,0.021357765,0.026858052
0.088226184,0.08474136,0.009274073,0.037099633,0.0016360405,0.008437017,0.029704694,0.032910097,0.22411036,0.01011356,0.07086933,0.018285584,0.037741996,0.039751723,0.053724553,0.13203439
0.07238766,0.003370439,0.030500552,0.08393163,0.040420756,1.4932529,0.033878572,0.0029052964,0.0035262187,0.050420735,0.0049956534,1.4794961e-05,0.009603388,0.00034678928,1.4794961e-05,0.035060443
0.0047864593,0.003193734,0.031969644,0.029068552,0.005981552,0.0041701715,0.03344291,0.0058269817,0.013097428,0.015305544,0.0063569164,0.021485843,0.04632576,0.7344336,0.083029404,0.010061151
0.09694336,0.0052986965,0.044772085,0.14880729,0.004396931,0.10730657,0.09637768,0.035938103,0.07529831,0.0056021493,0.115807846,0.07983938,0.08898045,0.029571807,0.050456867,0.14219224
0.020565886,0.012435583,0.007480794,0.01082334,0.00015383113,0.031558715,0.053052586,0.012791902,0.055270568,0.10961867,0.03449038,0.029621435,0.053932324,0.047168836,0.015781123,0.009500846
0.06388344,0.008317796,0.24804355,0.13112397,0.1753562,0.012449222,0.059106316,0.11284884,0.035270594,0.049292494,0.015825987,0.0885033,0.00092750805,0.1261161,0.078479014,0.05715996
0.30356014,0.3450507,0.022074083,0.099817626,0.12814917,0.030632209,0.11569412,0.114300326,0.12620895,0.117056265,0.10455735,0.20917545,0.28953156,0.10455735,0.20337482,0.19428144
0.050977644,0.11678636,0.38105014,0.10495535,0.09277374,0.16358669,0.07814082,0.47474876,0.3020365,0.17589414,0.011088199,0.23254998,0.1574677,0.09702505,0.15060541,0.008091961
0.01662875,0.11562024,0.010928657,0.015814736,0.14653985,0.02785918,0.033887316,0.008901322,0.0072986027,0.1642999,0.036512833,0.024445781,0.05950038,0.03866717,0.11961073,0.0198195
0.0120718265,0.021397805,0.06392635,0.034235135,0.03897183,0.00073665066,0.03254398,0.18922901,0.06633684,0.066804945,0.07773959,0.00035280274,7.7041395e-06,0.0710823,0.021886028,0.000657673
0.032170925,0.015095477,0.023302682,0.3368793,0.08952878,0.15035498,0.14463839,0.12588052,0.2899287,0.011978844,0.3368793,0.020798396,0.031246519,0.6391839,0.1987644,0.131961
0.360467,0.10489326,0.008126199,0.23514566,0.0016378,0.103299946,0.053710632,0.016132068,0.010947428,0.00025204115,1.1523061,0.07082407,0.10489326,0.014089167,0.07719012,0.103299946
0.06960151,0.41323283,0.75684285,0.09713573,0.00501122,0.005214494,2.687879,0.10529414,0.008719831,0.02359371,0.05700451,0.6578792,0.4044934,0.08956294,0.14834438,0.002794299
0.062053215,0.13569425,0.9042436,7.8446814e-05,0.05737651,0.27221584,0.421938,0.12725519,0.050241612,0.01761496,0.14995429,0.03156881,0.11197963,0.007697126,0.18677045,0.06123505
0.1582112,0.060619168,0.027735343,0.31833306,0.047689844,0.76907635,0.060357522,0.018191172,0.08248247,2.0796566,1.4981561,0.0024115404,0.0010265949,0.1900242,0.9925746,0.00540529
0.0075644837,0.0059551625,1.1310058e-05,0.02242516,0.49967107,0.03162016,0.58823735,0.21399146,0.7437338,0.1844644,0.03906226,0.21766455,0.10468536,0.21241038,0.017308746,0.00017136674
0.017652407,0.056557376,0.32891682,0.0072019785,0.04112849,0.007641512,0.0062302225,1.5466374,0.15033318,0.009828365,0.15675044,0.20152767,0.24032259,0.36818567,0.11297292,0.30522844
0.04479264,0.3707518,0.19212669,0.14213133,0.0027897172,0.1156693,0.098693304,0.30337027,0.1522061,0.10481339,2.026842,0.004316936,0.046555426,0.0049563814,0.10196749,0.05118021
0.06782722,0.013075284,0.23421656,0.16523962,0.06541213,0.040938146,0.015224764,0.00329317,0.028072868,0.054357722,0.039103128,0.0359028,0.032935686,0.12144039,0.003756105,0.032751504
0.0046136114,0.0015949479,1.1368496,0.15068148,0.05767998,0.007142411,0.013908094,5.425397e-06,0.043099854,0.049326975,0.08175159,0.02374824,0.12828541,0.0023314694,0.1310266,0.115695715
0.06069199,0.022593383,0.0007847336,0.00012782429,0.051529065,0.023920843,0.09911385,0.1346946,0.06890415,0.0061130854,8.4148957e-07,0.073491074,0.0013463597,0.0361089,0.0014662308,0.056211405
2.7830269e-05,0.0037889846,0.018236173,0.0064666877,0.067820504,0.0075837807,0.16318487,0.0019565958,0.00040167756,0.050358333,0.012376927,0.0024540883,0.008195614,0.21585332,0.06797221,0.08761969
0.007598948,0.2710965,0.02521445,0.0026765873,0.21942867,0.017083615,0.0004921633,0.082354836,0.0095088305,0.2935267,0.019664815,0.008655186,0.080374576,0.005468723,0.55842984,0.058971662
0.0126815615,0.112675235,0.00020956567,0.027219007,0.038797926,0.012582712,7.890238e-05,0.112675235,0.0013079002,0.00050219573,3.9648206e-05,0.13453715,0.017029611,0.020493915,0.00058805296,0.0068647824
0.035823114,0.014347308,0.00097603357,0.0099090785,0.019096438,0.0028641568,0.06998964,0.008364114,0.0025412505,0.0056342483,5.3483298e-05,0.0011166966,0.0014413873,0.02194031,0.036168907,0.09554202
0.026100049,0.0033900854,0.046955902,0.36190268,0.0008786092,0.060991865,0.11771523,0.19227642,0.057876937,0.038863115,0.11651512,0.033338744,0.0064412067,0.11651512,1.608515e-05,1.0343757e-05
0.044897173,1.789309e-05,0.1553245,5.8936844e-06,0.00048816536,0.000396552,0.06345678,0.037574574,0.00015964826,0.025108768,0.011292523,0.005992215,0.018400086,0.20409434,0.050171312,0.3782958
0.0016551303,0.0015836377,0.0050720563,0.062223166,0.001993042,0.0030204004,0.062052205,0.00840883,1.3504486,0.0731954,0.019807743,0.00036705474,0.10567522,0.0064696074,0.036656123,0.059980195
0.015751151,0.07026542,0.08528093,0.03758784,0.014797136,0.009783017,0.0004755953,0.016537378,0.31340802,3.499443e-06,0.06586686,0.051892918,0.018193908,0.18484047,0.2031081,0.008015217
5.6927835e-05,0.001971886,6.629751e-05,0.16467105,0.019824304,0.0026860565,0.014557666,0.030502789,0.0025775,0.010884361,0.5138307,0.00044882105,0.00065420836,0.020677404,0.026516937,0.00056673016
0.080265805,0.042099576,0.04757338,0.40207353,0.0042117443,0.02173433,0.051711805,0.034118406,0.016524993,0.021260433,0.010344458,0.098576374,0.0023422637,0.00947019,0.05102236,0.06245144
0.00575435,0.003056654,0.11517653,0.05371355,0.010113282,0.15154105,0.0061581517,0.0007664875,0.0036715388,0.05454432,0.17446779,0.13960055,0.011617768,0.013675289,0.058546554,0.043249775
0.0010942079,0.08195054,0.01780851,0.051069845,0.004954203,0.014031882,0.014206148,0.09412333,0.0039155628,0.0003315036,0.00089218613,0.079698995,0.009060015,8.6860564e-05,0.014455827,5.6533667e-05
9.0200683e-07,0.0073750895,0.028813865,0.14324866,0.025673665,0.003631806,0.07203733,0.0040462324,0.010974319,0.010189271,0.020966567,0.022472763,0.0013735194,0.040792346,0.01238175,0.011212875
0.0076577854,0.07137419,0.007847255,0.11075232,0.020129092,0.00096460246,0.014643465,0.005804548,0.020152466,0.0054588364,0.000741626,0.00076012244,0.28761145,0.017514147,7.910858e-05,0.016390152
0.012403174,0.010399652,3.2657765e-05,0.048043013,0.0027295547,0.08061378,0.13273375,0.020719588,0.03643508,0.121451624,0.35553175,0.06421453,0.018032365,0.0121280765,0.09086161,0.023098787
0.025150945,0.17735608,0.052324858,0.024033224,0.027012093,0.03028784,0.026575936,0.016838133,0.39242116,0.005332671,0.23407263,0.0034836875,0.00086595415,0.0060457634,0.005927482,0.027560301
0.0005355303,0.054312807,0.77015847,0.08210819,0.012391499,0.000536716,0.0040055183,0.07147633,0.005096404,0.03274027,0.30972096,0.0047208336,0.19500287,0.0018026786,0.00027792418,0.005635383
0.0025705502,0.0077259815,0.084043905,0.00681109,0.022099035,0.13642736,0.010459798,0.014066019,0.09368704,0.084043905,0.022601048,0.015952503,0.010532362,0.11990871,0.005690971,0.0057014506
0.00039572443,0.000102095044,0.00084169686,0.0036908241,0.0069161914,0.014123887,0.030597936,0.0039071557,0.005809944,0.12144103,0.0010782096,0.020292971,0.00010388489,0.020819757,2.065884e-06,0.11263443
0.032761842,0.015343216,0.061581384,0.0070837587,0.01927239,0.09673824,0.033368893,0.0019756195,0.02445097,0.019045776,0.065118685,0.90376663,0.0068015014,0.0010040287,0.023021055,0.001014583
0.22949043,0.005363691,0.021294015,0.04285159,0.19827974,0.3201816,0.002147642,0.0043774215,0.0035556643,0.0021812953,0.00039956873,0.02621093,0.008426091,0.12558797,0.12236498,0.021483356
0.12190551,0.065909155,0.0019323033,0.073651165,0.003209503,0.052871507,0.078569956,0.028023336,0.050464153,0.0040519363,0.0010657746,0.0036449123,0.0038314825,0.101350255,0.05562934,0.023470242
0.0017085909,0.016391855,0.0070362934,0.0027211953,0.013849009,0.039698616,0.27632037,0.035843413,0.011316381,0.0002304278,0.0033073993,1.8369617e-05,9.357614e-05,0.016218392,0.009832371,0.06284323
0.04624629,0.0003566328,0.001857019,0.00029825018,2.9256918e-05,0.003083706,0.0063548395,0.0007257,0.10446147,0.01232249,0.01610735,0.0019568452,4.0260053e-05,0.39598045,0.00035433553,0.03252403
0.015880698,0.0076075844,0.015972534,0.08672899,0.005595684,0.052948408,0.004712624,0.16583224,0.0011710771,0.0015549776,0.06473417,0.007055015,0.00061803265,0.006486135,0.08433999,0.0152243525
0.060379256,0.0014229757,0.41582817,0.0005042841,0.03631995,0.029087631,0.0012415539,2.6671361e-05,0.22769998,0.0055898856,0.0010197362,0.00024645502,0.00041693758,0.020069925,0.011826636,0.00010203458
0.0038213476,0.026867598,0.0037238146,0.04142785,0.003443489,0.006285049,0.09187034,0.0018378105,2.0836542,0.0014147187,0.0033975607,0.00086388574,0.008741058,0.43967548,0.0002580851,0.035510708
0.0029902544,0.035208087,0.0013222031,0.0043394016,0.00038537374,0.018832417,0.0005872715,0.0005441981,0.21197519,0.009095209,0.023189459,0.0015438291,0.0012380624,2.017103e-06,0.0010478888,3.557803e-05
0.000950364,0.0058859657,0.003098663,0.0063203955,0.054651424,0.0032071045,0.005412238,0.002582594,0.03853958,0.006230151,0.0047276276,0.054990843,0.030999359,0.0038360853,1.1733654,0.029638976
0.12056984,0.0003458962,0.045175135,0.0022351108,0.030196823,0.53123456,3.800591e-05,0.06269723,0.033136882,0.024252206,0.025033783,0.00046659162,0.046044495,0.0017690378,0.012697439,0.043302406
0.37937844,0.017404988,0.09199158,0.011426687,0.02435416,0.020072324,0.010373575,0.054241266,0.02007354,0.16247746,0.01760232,0.036817107,0.0026981265,0.019522807,0.026882624,0.027792031
0.010035154,2.1950407e-07,0.0021475467,0.0043380274,7.795835e-05,2.0797022e-05,0.00021994204,0.0002638962,0.0029094783,0.010234157,0.013280379,0.0002036833,0.016113391,0.00075460866,0.0066998643,0.0020915284
0.14780822,0.019277235,0.005665664,0.008515388,0.3375249,0.051739115,0.0053745164,0.026843797,0.03037115,0.013127376,0.04286666,0.036128495,0.027114164,0.03289792,0.00473911,0.026760759
0.00060737104,0.0019911435,0.00012940685,0.0017075721,0.020693548,0.00067010656,0.00067010656,0.0031258084,0.005140037,0.13491212,0.029548215,0.0026134294,0.01315758,0.0027094185,0.49193317,0.024412047
0.035586007,0.033789285,0.0053521805,0.015516173,0.017997215,0.8924283,0.0002435148,0.05719863,0.011592607,0.00018768401,0.030672299,0.0004959959,0.0348931,4.9019767e-05,0.0061660507,0.015757255
0.0020583812,0.3177634,0.08579456,0.031581286,0.0037366918,0.18382557,0.023585761,0.15085135,0.1267255,0.11479025,0.0075837425,0.069232024,4.49578e-05,0.10557244,0.037730046,0.0028632688
0.0035205649,0.058971822,0.05065816,0.0413666,0.013973531,0.0345429,0.006948397,0.001533264,0.07819826,0.051747467,0.0084401835,0.12352621,0.041456155,0.05749137,0.018774968,0.024854647
0.110327855,1.9674166e-05,0.00020860536,0.04975263,0.00022327072,0.011177357,0.00040643744,0.018751826,0.041836947,0.0017177883,0.0071999594,0.0033677476,0.011346964,0.040214594,0.007976047,0.0031816715
3.7903277e-07,0.026553832,0.00029059287,0.02282767,0.0051350477,0.15004267,0.032715503,0.0010693303,0.09579278,0.027893035,0.019958073,0.1562675,0.02250181,0.027966857,0.00019534395,0.04929738
0.12027093,0.06395953,0.010006334,0.027080867,0.00049556483,0.21425228,0.29074764,0.03622868,0.032045692,1.5194207e-06,0.014507081,0.014359774,0.0223526,0.019827299,0.021161048,0.053962998
0.0068826675,0.04335934,0.08105844,0.01537078,0.00016855737,0.010448542,0.00015308864,6.588842e-06,0.013268809,0.01529831,0.0048851334,0.038183488,0.0004026266,0.032628782,0.0053637195,0.016741041
0.0038055703,0.2173045,0.086059384,0.0127857,0.10682125,0.116115645,0.040265977,0.03502646,0.074136384,0.10336818,0.2249936,0.040978055,0.06585945,0.037127897,0.016625974,0.033232123
0.0007551918,0.005190328,0.0018351148,0.11012974,0.03457545,0.00018381728,3.7347243e-06,0.0038515958,0.1579047,0.0016147532,0.0008932746,0.010653637,0.0007658068,0.20995271,7.241902e-06,3.4430075e-06
0.005488311,0.0074383914,0.20505762,0.005568064,0.04684062,0.025493737,0.05549018,0.7705005,0.053310163,0.024212198,0.052602887,0.19236591,0.0059883045,0.025082665,0.054237988,0.0042552454
0.025919568,0.042124107,0.030878045,0.0150136575,1.8463954e-05,0.018697107,0.03346642,0.038799718,0.018575314,0.00084872666,0.5290145,0.018200388,0.016824018,0.023665335,0.04855489,0.0017526965
0.008265886,0.019097263,0.005336511,0.006550364,0.004368101,0.027730204,0.009714712,0.004198995,0.17151508,0.016775621,0.010265909,0.005438494,0.6210893,0.010737767,0.010610193,0.009546069
0.28895342,0.14568669,0.04946985,0.16787988,0.056642696,0.04921662,0.18492782,0.040271595,0.042482413,0.3090106,0.036947902,0.06683436,0.01944321,0.040019833,0.16653056,0.104533724
0.1853012,0.08226201,0.042502575,0.052709494,0.035971552,6.830116e-06,0.10281389,0.002652558,0.1003796,9.152015e-05,0.06868718,0.21807832,0.032529075,0.03978718,0.0017705007,0.13159877
0.023071902,0.006402933,0.0031885027,0.028697368,0.023546144,0.0034952625,0.0050660116,0.02310239,0.00036902886,0.0014466675,0.0563597,0.0048630917,5.383135e-06,0.0012042489,0.017224459,0.006525592
0.035011183,0.16838948,0.037229043,0.12906708,0.030272093,0.010277047,6.593188e-06,0.06925787,0.017804062,0.083074436,0.054419197,0.085439734,0.065364696,0.037006523,0.0019485631,0.17916211
0.114849515,0.0017286701,0.00018236102,0.029251048,3.4608368e-06,0.031021075,0.61580503,0.66384566,8.7704757e-07,1.8619072e-06,0.08503125,0.023728188,0.18404622,0.028534165,0.08923681,0.1601066
0.02268434,0.005444913,1.092937e-05,0.40192264,0.018271964,0.034717016,3.1148072e-06,0.021947045,0.038916133,0.12841573,0.448198,0.12771569,0.03371521,0.04428592,1.1821373e-05,0.019673117
0.036662962,0.104030594,0.5013628,0.021418465,0.16914816,0.61349857,0.019968791,0.00017801761,0.02176731,0.000489749,0.0062081493,0.08476526,0.011542048,0.06585271,0.04530916,0.10391982
0.00023053023,0.057016842,0.00012546427,0.01781951,0.055506144,0.04340928,0.00044533738,0.0004337976,0.016211284,0.00022804462,0.015850432,0.0032399872,0.030794036,0.07237113,0.045004576,0.039805915
0.0004682923,0.005203461,0.023307087,0.040503282,0.008462721,0.003563926,0.014690419,1.1731278,0.009660092,0.04465258,0.022328755,0.0038734411,0.03225678,0.009658155,0.011495422,0.029378507
0.009031136,0.003679176,0.029213293,0.09142802,0.0138740875,0.014167992,1.9096882e-05,0.4401399,0.048869923,0.9274577,0.027804442,5.398033e-05,0.0049175434,0.0036279594,0.1473855,0.017353863
0.017373284,0.0056464565,0.102648154,0.0036332516,0.04238179,0.0177053,0.0072981915,0.080600664,5.411459e-05,0.012251088,0.019242164,0.06975537,0.0077526732,8.244518e-05,0.8860805,0.022418892
0.0013675691,0.006841694,0.0005479239,0.00032069435,0.0007043611,0.0080935145,0.025290452,0.0085373195,0.025413053,0.0041637057,0.00023974628,0.055157535,0.009381975,0.058205813,0.0234424,0.00013667163
0.016566752,0.0017621666,0.00060203846,0.01613995,0.00029572187,0.00029752203,0.002096432,0.16182256,0.22362751,0.054689277,0.16393325,0.059734166,0.0009490033,0.0045462027,0.008401083,0.17047456
0.009647916,0.026463637,0.0036033469,0.03527553,0.12045422,0.006274306,0.09221855,0.1707401,0.0109629175,0.052065168,0.00023381702,0.0048508677,8.318043e-06,0.024891557,0.16995034,0.006274306
0.0038567125,0.002161972,0.0022006663,0.0023445517,0.0031999578,0.0004359329,0.0024307608,4.36535e-05,0.00077713496,0.11013876,0.04206345,0.00039359907,0.0053624343,0.02222077,0.07587141,0.019350184
0.004223879,0.020892452,0.0036945997,0.0019131822,0.012649872,0.57411456,0.02768247,0.0033854144,0.020892452,0.002998757,9.929629e-05,0.025597112,0.01792513,0.0981694,0.0034514319,5.622754e-05
0.010217965,0.008074221,0.038129605,0.00055423466,0.0003264364,0.27280024,0.020984441,0.008471557,0.0014589137,0.4676147,0.00042496074,0.0096508805,0.012388898,0.08204773,0.0015504147,0.002136616
0.00542519,0.0067593507,0.0012466264,0.021261873,0.012997661,0.005297183,9.868783e-05,0.0007263052,0.011222467,0.0014259828,0.016498132,0.0067593507,0.0012038816,0.0036913382,0.0038735776,0.008397642
0.020517062,0.0017873852,0.0019584375,0.012731618,0.001454789,0.013693688,0.07110772,0.04697965,0.00158757,0.018065881,0.0007856269,0.012397519,0.020781908,0.0085227,0.011360784,0.0006576633
0.0053906785,0.037269644,0.009671606,0.013181027,0.2188465,0.012989518,0.016892195,0.0017253619,0.0870856,1.2081002,0.02424378,0.006618729,0.06950576,0.015224117,0.0026609784,0.00060609076
0.11331651,0.009099513,7.0100694e-05,0.00077622064,0.20683222,0.0028175886,0.00020795177,0.0028175886,0.0015941125,0.09328086,0.035436615,0.00020490105,0.29025412,0.0008048203,1.2244887e-07,0.0021510974
0.002884291,0.002639504,0.017234324,2.8790284e-05,0.055797253,0.005259975,0.001015597,0.025917824,0.047152266,0.0001089388,0.00172858,0.015064512,2.5452307e-06,0.0028041697,0.005145657,0.045263905
0.053883728,0.027582161,0.014251953,0.012471471,0.0456606,0.5573629,5.603534e-05,0.033348236,0.0035885351,0.009464683,0.0021361224,0.04890754,0.17366001,0.0072363233,0.018472847,0.00012656894
0.05888725,0.013995027,0.032779396,0.025946451,0.052700877,0.000103188395,1.3298573e-05,0.029467365,0.022429954,0.0013641913,0.00052017346,0.009476504,0.039832734,0.001998201,0.00602041,0.0023729012
0.008840643,0.00065321533,0.059420664,0.02217664,0.0057384227,0.003330677,0.022074847,0.00016303142,0.004629925,0.00024755404,0.07735192,0.018589884,0.004711442,0.0013476416,0.00024068802,0.00028659246
0.0017369881,0.5457762,0.0025671883,0.0006544059,0.00031658873,0.009531481,0.00010111968,0.0072598564,0.0007045408,0.00027030997,0.036469936,0.0084160855,0.0012438702,0.011054052,0.020417545,0.008888216
0.010092624,0.056208916,0.025650036,0.011513332,0.033557553,0.09518587,0.0005160799,0.004986639,0.009786951,0.0062805098,0.17424345,0.030330958,0.008517403,0.023424722,0.037060622,0.0059194276
0.0049388097,0.0029716024,0.00017421567,0.00013193024,3.7947466e-06,0.0016778486,0.0025849377,0.018056823,0.002704409,0.006308217,0.013307352,0.00016628255,0.22056241,0.00026465577,0.030778617,0.00023946821
0.5106308,0.119264565,3.505182e-05,0.009875899,0.067102425,0.002698513,0.019567931,0.00479964,0.09161331,0.11602072,0.023954416,0.0016980818,0.16279562,0.096909255,0.015876396,0.0035917922
0.0029391476,0.021861115,0.008906983,0.035228994,0.018572683,2.2029913e-05,0.055329412,0.027452115,0.0037289872,8.2746585e-05,0.0009845479,0.006529194,0.0011175843,0.20058545,0.020423569,0.018106757
3.887498e-06,0.07819617,0.07026117,0.0047695525,7.941805e-05,0.00029694225,0.010848526,0.022903135,0.00014626476,0.0027371906,0.014842174,0.0077947914,0.053391356,0.00601221,0.0002651217,0.00849825
7.1755625e-05,0.002135091,0.005744554,0.0018138917,0.004733656,0.0030619486,0.023166947,0.00029206276,0.0011581957,0.006203615,0.0011581957,0.0071428656,1.4666372e-05,0.016455224,0.0020766133,0.00201097
0.007688415,0.0011210925,0.007688415,0.018247006,0.010548239,6.0137703e-05,0.00024401546,0.0062201475,0.0036132976,9.32632e-05,1.678987e-06,0.076995745,0.026841858,0.0033223894,0.06401367,0.007452504
0.001687576,3.087509e-05,0.07925213,0.073861316,0.006517219,0.007337894,0.013064678,0.0049020536,0.0059879576,0.0037020436,1.3411045e-07,0.02556756,0.000119737866,2.8838403e-07,0.0013777887,0.029226033
2.3470783e-09,0.060994595,0.015634261,0.035353493,0.0027370185,0.0010965404,0.006058157,0.048062686,0.00080113695,0.012723103,0.07307356,0.06811533,0.018035186,0.0026806088,0.00010319979,0.0032784182
0.08756009,0.0015251059,0.058765423,0.000827766,0.004714115,0.0009977833,0.024804227,0.0029695008,0.82741874,0.03082692,0.005164828,0.0058659934,0.009830609,0.00022973417,2.1496047e-05,0.011008162
0.007859035,0.036953602,0.005249458,0.008851485,0.009730628,0.006551663,0.0051198034,0.00044413394,0.04045936,0.00046416486,0.00857025,0.0123920245,0.0026366408,0.0022813645,6.363067e-05,0.0010033362
0.0012021821,0.0017947508,5.6594272e-05,0.00076344295,0.0003547975,0.01017892,0.016932093,0.005827571,0.0010919204,0.0014037299,0.006604647,0.00063110166,0.00028147243,0.06303828,0.00846687,0.016848389
0.008153874,0.64220876,1.1811759e-06,0.00961391,0.002746856,0.0018959122,0.015512169,0.011684993,0.10562884,0.081216976,0.2666491,0.00019942407,0.085819565,0.039882593,0.0010582441,0.0028100752
0.059750438,0.025755152,0.4137987,0.052334752,0.026636569,0.0045350147,0.0035253325,4.7484733e-05,0.017854566,0.003083373,0.018428592,0.38728917,0.00026796816,0.06990527,0.0003573033,0.053776015
0.024985518,0.028825464,0.00030371998,0.034368873,0.026222495,0.0076671257,0.0111471005,0.043230675,0.046486795,0.01267615,0.011853945,0.008635494,0.29090783,0.008481189,0.026222495,0.0693024
1.3087722e-06,0.000519005,0.0133580305,0.05424364,0.012434435,9.692556e-05,0.3032608,5.1346955,0.0001170733,0.05847381,0.24629715,0.019795967,1.3087722e-06,0.007706138,0.0054208995,0.0004701029
0.004103868,0.0013437076,5.7454413e-06,0.36586183,0.0015532821,0.0062499605,0.015168521,0.1329319,0.01141192,0.024860796,0.0021837868,0.0009007859,1.1464064,0.012177846,0.026448183,0.021549243
0.35258391,0.0068267616,0.272399,0.018674593,1.1158712,0.031683438,0.018739317,0.018667068,1.5108102e-05,0.106969275,0.07252977,0.005975507,0.012415635,0.35258391,0.00032907366,0.0018871358
0.0054861316,0.00057029387,0.01461001,0.000115221774,4.0945517e-05,0.029449262,0.10246403,0.0037593904,0.0004993313,0.21462086,4.4984816e-05,6.0473005e-05,0.000645906,0.001317821,0.14991865,0.03098051
0.053109262,0.059589185,0.07025237,0.05581923,0.049363118,0.11087261,0.023530774,0.040373076,0.022139167,0.006159957,0.006634565,0.11786612,0.15716662,0.011132983,0.022697555,0.022697555
0.06223523,0.014539667,0.046605494,8.927649e-05,0.05823034,0.06223523,0.0072015747,0.02914024,0.009277384,0.0066172057,0.07133059,0.03546477,0.013273862,0.0033217901,0.0072836815,0.003384014
0.04690806,0.0066771484,0.016866367,0.03626061,0.06160212,0.013143575,2.5538548e-05,0.0077826506,0.084811114,0.014965824,0.0021876413,0.008352487,0.030868461,0.024178803,0.011370737,0.025560109
0.07714691,0.07431739,0.025754862,0.058315605,0.031350464,0.06827923,0.020763023,0.12328867,0.070311576,0.052084394,0.115201555,0.000999823,0.36718863,0.013145051,0.0067446874,0.13790351
0.06830346,1.8672818,0.024832087,0.06633765,0.25427493,0.0020303747,0.021220056,0.023734631,0.0837125,0.0012335669,0.0073285606,0.011055927,0.0037664352,0.16883244,0.13222323,0.205371
0.00040029682,0.006786036,0.00092212675,0.00062128913,0.07492309,6.3127205e-05,0.2643358,0.0013587853,0.1683027,0.0005212023,6.819707e-05,0.0035725525,0.038572308,0.04622283,0.022562921,0.007849904
0.04619573,0.042025886,0.06088084,0.14470966,0.129312,0.016939204,0.07286643,0.01980142,1.1644996,0.07814842,2.1964674,0.040653482,0.07663643,0.023064502,0.06426762,0.11049326
0.01963314,0.044439286,0.08970098,0.13049792,0.025627844,0.022656443,0.1797408,0.28511527,0.0035950078,0.010275271,0.00030093006,0.008753954,0.0133929085,0.011569846,0.012137593,0.047532514
0.013670313,0.026821084,0.0008134808,0.15580635,0.0038698257,0.39009202,0.021088358,0.0038297945,0.00053323526,0.050568216,0.009352817,0.0070250025,0.017971732,0.2267509,0.0013694954,0.00037736652
0.060462665,0.021292878,0.010397794,0.002960368,0.03481184,0.0009968609,0.028369,0.009870133,0.002110506,0.012997397,0.0037254996,0.017191386,0.0005333873,0.00033080683,0.00042205158,0.0247483
0.00932504,0.0013498648,0.014986861,0.13889308,0.0021996668,2.8879003e-05,0.0049181404,0.030411832,0.11909294,0.53629625,0.011410524,0.0029813529,0.008228708,3.7537434,0.0014682082,0.015967596
1.0293364e-05,0.014872641,0.0029760175,0.0039923955,0.0023429957,0.0006100157,0.024215307,0.056217466,0.009156314,0.021150943,0.67764634,0.044879835,0.014621875,0.06404808,0.04854079,0.01514957
0.008230609,0.06476567,0.02205648,0.11714371,0.012742925,0.026498498,0.0064220545,0.0008321014,0.7702476,0.059639085,0.019249426,0.11256622,0.016750874,0.0463944,0.018386414,0.091143176
0.021778133,0.004970748,0.0001876885,0.020390062,0.040303864,3.6782913e-07,0.02816893,0.0074057365,0.00046312864,0.00015409102,0.0681264,0.019230219,0.08239182,0.022573309,0.062108368,0.02601041
0.6133153,0.12890306,0.008444429,0.014250047,0.012791653,0.0957781,0.003254587,0.0012518882,0.005066967,0.00037876624,0.008909239,0.028315777,0.074165806,0.0013180667,0.005904528,0.009016237
0.020056397,0.018345386,0.009007171,1.6435865e-06,0.12104344,0.16538328,0.05037451,0.0027939298,0.0004223236,0.05998649,0.03078043,0.007948266,0.03323008,0.012313916,0.021035373,0.071447246
0.046488114,0.00052571064,0.006465044,0.023605552,0.0022885446,0.00278974,0.03792865,0.0058099804,0.0031426752,0.020866124,0.0022717607,0.0016835979,0.0010711753,0.001632052,0.43498278,0.08462988
0.072602965,0.07212134,0.045116007,0.44898292,0.004095516,0.014391024,0.068900265,0.93600816,0.021352287,0.09013589,0.008095496,0.107601374,0.017319538,0.027158482,0.048649848,0.0120772645
0.010716089,0.021213535,0.016625319,0.3331385,0.029805725,0.03411085,0.19102909,0.00040972984,1.7958298e-05,0.034442864,0.0062356642,0.120457076,0.01342234,0.065492935,0.020474648,2.219135e-05
0.07726341,0.012814204,0.022628212,0.049369793,0.0022524183,0.024096692,0.0029158676,0.02542165,0.024096692,0.0013117974,0.0096529,0.00065706053,0.02562843,0.022812888,4.2166896e-05,0.007465806
2.7700687e-06,0.0017087566,0.0010092536,0.017318547,0.000610423,0.00085154735,0.0046357103,0.005314668,0.00065789686,0.022782708,0.0014933571,0.022234106,0.027362926,0.024280226,0.019857913,0.015902668
0.32747984,0.016953029,0.0417076,0.018840488,0.104076415,0.015938383,0.0034148428,0.8419755,0.03344028,0.008040254,0.00437118,0.026206587,0.044797163,0.025913028,0.053861693,0.051472954
0.00036386272,0.00575358,0.00599593,0.0011262961,0.0011640047,0.02563011,0.03570191,0.024785452,0.089972645,0.007553938,0.00012845731,0.0040528234,0.24084064,0.0020615323,0.0565875,0.0036890528
0.27956572,0.11973484,0.1119624,0.065299615,0.24572007,0.0004638598,0.09732519,0.4489415,0.13794588,6.406732,0.11290155,0.14065039,0.06193105,0.005410741,0.08490032,0.120395534
0.32435197,0.07997584,0.093087144,0.27734652,0.16933818,0.08326317,0.24962777,0.00081848516,0.18317276,0.0013990727,0.25568756,0.2129986,0.0027235192,0.21547794,0.047073998,0.2831029
0.023129795,0.021660851,0.007491211,0.011640567,0.0015445583,0.029574504,0.16451845,0.089270554,0.007351322,0.012054313,0.022857154,0.029779166,0.20588963,0.018892037,0.030560212,0.040838335
1.0035745e-05,3.8109494e-05,0.0060044625,0.024686031,0.034583233,0.2486069,0.025368618,0.06574461,0.0013625283,0.050720487,0.013189568,0.062346935,0.0027839276,0.008943497,0.55074036,0.25443307
7.4679316e-05,0.12908264,0.052329347,0.086522184,0.09456016,0.07793681,0.11032507,0.1187842,0.090561576,0.6237721,0.010450402,0.037284177,0.107089125,0.015240807,0.015622627,0.08503826
0.078643434,0.12542939,0.010757703,0.00056534837,0.08249042,0.037679996,0.073865384,0.014221282,0.05115958,0.5379577,0.03630534,0.0024422067,0.024057124,0.03306623,0.018411601,0.017186731
0.05859618,0.0015910221,0.0038300275,0.00035334213,0.04431858,0.009957873,0.02125335,0.075303964,0.020873895,0.015055542,0.0068749166,0.00787025,0.008340952,0.0070352214,0.014962809,0.0032237358
0.038875423,0.041372545,0.034338444,0.038276076,0.10872133,0.10719558,0.07636394,0.05705853,0.10519004,0.01316404,0.15203604,0.058577802,0.052872494,0.09878554,0.042320896,0.10309528
0.033974018,0.17163497,0.03127058,0.07607526,0.0586567,0.043658867,0.005313,0.0079342015,0.014710256,0.022657702,0.067846835,0.0661089,0.038294084,0.017842907,0.016279442,0.00072186685
0.0011119714,0.055955067,0.0038503648,0.0070819575,0.016209431,0.11611285,0.007073244,0.0018161192,3.782552e-05,0.00014791555,0.011301624,0.00548056,0.02890394,0.0235386,0.0009822503,0.0014666308
0.0019458698,0.026526777,0.0017941067,0.007125893,0.025849044,0.30134234,0.017821131,0.051941678,0.01011238,0.009341845,0.031087616,0.028698217,0.04287711,0.22253715,0.45349577,0.019474382
0.0107627,0.011290129,0.01768015,0.000923905,0.0019532156,0.004033449,0.0030842745,0.016524835,0.0040647774,0.00265929,0.00807321,0.0053162365,0.016324148,0.022936976,0.0060169343,0.036535498
0.0046887416,0.023105564,0.01685911,0.0005729169,0.003830082,0.019705554,0.022141749,0.0011325959,0.013070849,0.061160743,0.024341712,0.023212105,3.4160523e-06,0.0033164467,0.0022562179,0.0007189917
0.0030581476,0.019094864,0.014370233,0.015929168,0.06715863,0.00051154406,0.0035485,0.009485073,0.0037823056,0.43542156,0.06454968,0.0049958406,0.016953617,0.04562416,1.9332702,0.006742725
0.011423107,0.021298561,0.01803683,0.045409802,0.0045359335,0.0151806455,0.0017182073,0.058192678,0.65577704,0.042226203,0.0068907463,0.04763283,0.005632139,0.003491002,0.38878798,0.003369905
0.011633737,7.760825e-06,0.0013761149,0.02700138,0.0005930897,0.0031272736,0.003984713,0.0011444463,0.00013415085,0.0010599341,0.0005459821,0.00021532894,0.043907683,0.11210879,0.04110865,0.012628564
0.081049755,0.08378377,0.0138944825,0.9226334,0.015171458,2.6037364e-05,0.016835673,0.26275343,0.02214806,0.0658617,0.034935467,0.048416775,0.01568985,0.04526648,0.21300071,0.021710975
0.025903404,0.23890609,0.019841615,0.07684927,0.020257477,0.017863004,0.17144617,0.004575581,0.008462036,0.08197459,0.08694977,1.4447261,0.09573183,0.019032588,0.012161056,0.08469603
0.0032649285,1.9255576e-05,0.0016643433,0.02775867,0.00073285704,0.052312683,3.9898896e-06,0.00062787265,0.035629038,0.0024087518,3.079271e-07,0.0018925731,0.053968824,0.00020677314,0.0063187527,4.210561e-05
0.80281377,0.006659406,0.0016578202,0.026166357,0.06294855,0.14477287,0.004054897,0.012542695,0.7763582,0.07040868,0.0092350235,0.04174841,0.18738931,0.040937863,0.0023601812,0.030906206
0.013880024,0.08717092,0.009262733,0.06666663,0.12560238,0.017383404,0.07668972,6.7236506e-05,0.01223724,0.055448797,0.07359232,0.092988946,0.0012560851,0.15965468,0.0015183035,0.07447806
0.23387712,0.012844939,0.00019982258,0.02531785,0.0026059342,0.00150885,0.068229005,0.0013413525,0.0014399883,0.00071393285,0.020467144,0.05368811,0.008918856,0.00083733787,0.0009814801,0.027956428
0.029019343,0.0024539796,0.13017978,0.022880979,0.0002822087,0.008514878,0.023771774,0.075704366,0.024728402,0.020570235,0.0011070676,0.04670195,0.02884165,0.015917363,0.058728855,0.015286563
0.035900716,0.016348338,0.019030567,0.12967446,0.18843059,0.0319962,0.0038827534,0.39614955,0.07558285,0.08647197,0.67800534,0.029570542,0.010237818,0.017924478,0.038946647,0.113566466
0.031993814,0.0009395362,0.00076737953,0.045491617,0.014890383,0.059141655,0.003049394,2.7072245e-05,0.0011931625,0.021838395,4.4414958e-07,0.00081525795,0.021715738,0.010455472,0.01300015,0.17431559
0.08177209,0.06508185,0.1116361,0.051789302,0.018837178,0.61796355,0.00033486064,0.016755484,0.0517202,0.19911209,0.033708725,0.046877965,0.05506982,0.035370983,0.0014784348,0.12111754
0.04225335,0.004660891,0.073374234,0.047544982,0.006451606,0.09398431,0.034031067,0.13479982,0.014216357,0.0109321615,0.79853934,0.022412594,0.11279544,0.021512998,0.002038204,0.0019387058
0.002451023,0.015721338,0.061060607,1.633698e-08,1.5351022,0.06511748,0.009126543,0.002942783,0.047838043,0.00030649366,0.010650507,0.31221116,0.019235179,0.03690162,0.04680394,0.00025327396
0.0021352498,0.0027676558,0.0048504756,0.053766474,0.0040261177,1.7067781e-07,0.006723862,0.0066956664,0.023051973,0.0019009612,0.050211735,0.0035599114,0.028545579,0.011657562,0.0023326348,0.013162972
0.0020567782,0.022149064,0.024718482,0.0029205023,2.1767946e-07,0.38201147,2.8204632,0.062167108,0.013543932,0.0010530897,0.03629449,3.328978e-07,0.05465746,0.0014439138,0.00020754283,0.04524266
2.1708108e-06,0.018384332,0.013977196,0.0028462564,0.09484349,1.3234215e-05,0.057800148,0.006872144,0.00028373415,0.010589677,0.007678467,0.000423821,0.006387596,0.043001447,0.0002865505,0.0068644094
0.010130504,8.112456e-05,0.04451722,0.008485961,0.011595975,0.011220587,0.010130504,7.541357e-05,0.007004876,0.0010099726,0.10403481,0.09463187,0.05535813,0.016166106,0.012328637,0.003406314
0.0026574647,0.2290599,0.019268673,0.00037809464,0.004474574,0.0016580949,0.005716193,0.010676882,0.015594414,0.011042644,0.0031958416,0.008198664,0.45081237,0.005210852,0.002154924,2.0801916e-05
0.00681775,0.07278672,0.0020187933,0.040391386,0.0021477016,0.014054603,0.00013221547,0.0014009784,1.9779054e-05,0.0018875833,0.0109982835,0.0043515083,0.0011371569,0.002707986,0.0067397384,0.0019602734
0.02604055,0.015501885,0.0166886,0.00045747077,0.050327346,0.0064187585,0.012781054,0.009245816,0.025483977,0.0014954429,0.070421204,0.0039427546,0.0304041,0.06796267,0.020913009,0.11403606
0.12537529,0.004502541,0.015972184,0.00018407563,0.0014967459,0.0025430226,0.3950217,0.00014658787,0.0015765222,0.0007445482,1.4299993e-05,8.673351e-05,0.00021142629,0.001285438,0.010454156,0.0053703147
0.0032473542,0.0026223296,0.0057545984,0.0034120667,0.03537051,0.008050516,1.3029625e-05,0.02588587,1.1619504e-06,0.023349745,0.015142364,0.019584235,0.0014415869,0.018225461,0.027122786,0.008519067
0.011197703,0.0011425645,0.37831318,0.038746323,0.04197593,0.036933616,2.8032886e-05,0.008248606,1.5031653e-05,0.025724905,5.8108748e-05,0.043505803,0.00040876327,0.016186606,0.0027127126,0.37831318
0.03853108,0.0018405155,0.08415165,0.0017702808,0.00014004641,0.013259637,2.7192258e-05,0.012471748,0.007304446,0.0010829999,0.005592788,0.0007321537,0.0043082554,0.010638306,0.005556641,0.042577412
0.0021585857,2.3924975,7.86786e-06,0.0033058503,0.03567568,0.48007563,0.02539805,0.04079947,0.01936837,0.02571091,0.021979138,0.08112285,0.0016266669,0.0022155424,0.01420271,0.015538431
0.00043840843,0.0020840385,0.104560494,0.016734011,0.00056826597,0.012304504,0.46289638,0.001350004,0.0018944301,0.0949685,0.00024709848,0.011419093,0.00022610456,0.012481547,0.0012603839,0.75144726
0.13060592,0.06949744,0.23052025,8.2520586e-05,0.010392523,0.012453435,0.13317847,0.041214526,0.031391773,0.056704726,0.034935646,0.005551822,0.008536967,0.02155063,0.019201742,0.016274186
0.035647344,0.24872276,0.0025437956,2.0146881e-05,0.023604436,0.0002076105,0.017389059,0.054400977,0.0049517886,0.0033617774,0.013397053,0.058738906,0.02531486,0.013843796,0.040832013,0.010338506
0.08813613,0.006586707,0.027953604,7.1889383e-07,0.08333181,0.00026056796,0.03428836,0.019658111,0.008894115,0.0055214115,0.00034172248,0.5343189,0.0008001108,0.07404981,0.0045451485,0.0007510268
0.001707834,0.0046637678,0.003306308,0.036427677,0.16114447,0.06591599,0.020395081,0.12324681,0.92579246,0.0017565943,0.0055272663,1.6503984e-05,0.00754566,0.0008266181,0.00068286085,0.0022863895
0.0037786704,0.002741877,0.0002069379,0.0010882411,0.34951243,0.0023069673,0.0024788566,0.0014076696,0.0011782172,0.006561563,0.0031601638,0.015152341,0.004299665,0.014830876,0.0019096298,0.0033687328
2.5727095e-05,0.00011382741,0.032362834,0.000111406116,0.0007905617,0.18570718,0.10855461,0.002200102,6.8198846e-05,0.018893087,0.03705262,0.011324534,0.0022183612,0.00015639397,0.0004287418,0.00066251156
0.062286843,0.008234198,0.008245168,0.031116957,0.0022196292,0.023828182,0.015269553,0.0035590003,0.009177698,0.017451243,0.009804508,0.042475995,0.116444945,0.05554956,0.19535252,0.096053906
0.0035854052,0.033075374,0.01920403,0.0067134392,0.0034635311,0.062777825,0.9012683,0.062721685,0.00631604,0.03530656,0.0018657707,0.0037134297,0.11782633,0.032397877,0.026095921,0.03476915
0.039608307,1.4970337e-05,1.2481708e-07,0.04734819,0.012455426,0.090561375,0.008732001,8.089817e-05,0.051080365,0.00861597,0.107436195,0.004762422,0.018582126,0.0023227958,0.18143028,0.0025830993
0.00011391417,0.00082326203,5.9541806e-05,0.019563662,0.007236873,0.0067920606,5.582259e-06,0.102528445,0.00022603538,0.005815483,0.0024984446,0.0010475087,0.026736747,0.00040319035,0.00070155447,1.0412805e-08
0.0028711073,0.0033388566,0.004342425,0.008770489,0.037593286,0.0407696,0.13168794,0.020869715,0.012837611,0.016553693,0.05583176,8.4959676e-05,0.0054318653,0.0032570874,0.035697117,0.1493739
0.038294617,0.0068700737,0.004353657,0.007117515,6.554066e-06,0.0013705451,0.068806954,0.0020202158,0.029605601,0.00051379326,0.022562413,0.31058583,0.025595166,0.020111628,0.0007466076,0.08423053
0.031082246,0.0017459968,0.0015982008,0.094170175,0.06425881,0.0032912313,9.004704e-06,0.0051247417,0.017959174,0.00031470088,2.6399206e-05,6.572839e-05,0.006950985,0.00011784464,0.025749154,0.020091102
0.052838862,1.6150408e-06,0.13641354,0.04883005,4.363743e-07,0.034187444,6.982471e-05,0.015656104,0.00020068155,0.0056367074,0.0011498404,0.05076995,0.0015849492,0.072897784,0.005313431,5.325617e-05
0.006627779,0.049863234,0.00086832594,0.00060559314,0.08671321,0.059289902,0.108871944,0.006099493,0.00074135733,0.004065671,0.014110759,0.06589819,0.24839887,0.0057034525,1.3345369,0.0009849279
0.03147052,0.010558385,0.011620176,0.015590305,0.011697757,0.031449247,0.07123106,0.008442101,0.045137063,0.0007835473,0.028637173,0.09651116,0.0021500126,0.0030333148,0.11176557,7.1545874e-06
6.44799e-07,0.073539965,0.008887973,0.16647722,0.020104825,1.5031653e-05,0.006682737,0.00013684727,0.062069252,0.03238969,0.03550147,0.0058973413,0.0013533033,8.2888204e-05,0.002056439,0.073539965
0.0010246848,0.0454161,0.016778033,0.0025209098,0.0071721696,0.00083767873,0.0023817602,0.003304844,0.0032879906,0.0070905634,0.03718366,0.0018184416,0.0068213535,0.005165731,0.43464416,0.028948747
0.0012249651,0.4334747,0.003157555,0.00506926,0.00013434947,0.0064181946,1.6538727e-06,0.0029472976,0.006834269,4.6905083e-05,0.015275859,0.008689196,0.009048837,0.00031569297,0.018345585,0.009023155
0.014437969,0.3337145,0.3735146,0.018009596,0.025522891,0.0010158586,0.001216032,0.0017359687,0.07971924,0.0008276,0.026622722,0.0069316933,0.0009769081,0.029780976,0.02435974,0.0015347672
0.09888203,0.01185693,0.004262781,0.018262291,0.0014002483,0.026598878,0.013324197,0.1938388,0.00236381,0.0068470784,0.040008325,0.3794427,0.07637076,0.008918312,0.068845324,0.0058854823
0.03151331,0.037102718,0.034096368,0.13894348,0.06563779,0.06632869,0.03151331,0.120606,0.00669254,0.071570665,0.033371255,0.0723893,0.040040415,0.025757365,0.03532296,0.07003501
0.18316439,0.0017476483,0.005995763,0.007764348,0.002928073,0.031485047,0.001819079,0.032945164,0.015396247,0.0039587715,0.004393866,0.06426004,0.0046371473,0.13193946,0.039680973,0.0048048855
0.063378654,0.00038602622,0.05653901,0.00938166,0.007581772,0.4548886,0.0036744806,0.0050096987,0.002448144,0.0010287092,0.0925962,0.021260886,0.0087106675,0.005855399,0.114183865,0.0004919517
0.044828985,0.15868375,0.021552011,0.59603584,0.035947613,0.003891961,0.0034018673,0.012667423,0.15494122,0.012140982,0.011227579,0.09463187,0.15186901,8.99857e-05,0.076608345,0.033382893
0.024293892,0.016188934,0.0010292538,0.18448123,0.016564105,0.011136617,0.011384674,0.007880034,0.02942162,0.050804283,1.036227,0.007001953,0.020379964,0.015296393,0.0011178361,0.009172039
0.011679514,0.006550266,0.009717494,0.035154328,0.012616196,0.042462386,0.023416901,0.012195091,0.00301473,0.012387285,0.2021859,0.04421005,0.12691845,0.0045488323,0.1412386,0.016656764
0.027714023,0.0033052154,0.0002147685,0.0013620268,0.017998163,0.007854541,0.072781794,0.0049964525,0.02789548,5.6347613e-05,0.039258532,0.00026768117,0.06678644,0.026704783,7.719629e-05,0.11088303
0.0999241,0.015787138,0.024005415,3.3031665e-05,0.013804495,0.07049472,0.011598127,0.007851222,0.020801237,0.16148643,0.018796038,0.13678536,0.022510588,0.010973964,0.097913854,0.07809003
0.0034046879,0.02753126,0.08455715,0.02418668,0.0011470885,0.09195849,0.00712753,0.016264727,0.29750136,0.027794437,0.085674435,0.17018245,0.1838966,0.056091227,0.03679409,0.1285308
0.009648057,7.602195e-05,0.015802287,0.0012122673,0.0015239754,0.042067893,0.041391354,0.0020851928,0.0259962,0.0007231524,9.018472e-05,0.007165831,0.06296246,0.17859147,0.00052781025,0.00015185539
0.002457888,0.06448975,0.044635374,0.06693463,0.003199502,0.108526826,0.0019480716,0.0022285918,0.028851612,0.000101806516,0.13847397,0.014305177,0.14169863,0.50120157,0.03425677,0.052237924
0.03690494,0.05685315,0.049368266,0.030181414,0.23877023,0.0376109,0.00052027573,0.00011116416,0.0068519404,0.05039703,0.20063491,0.050512776,0.014725025,0.28711167,0.04793826,0.0004230775
0.00010968849,0.070207186,0.041267745,0.024724351,0.011479336,0.00029287333,0.018627264,0.0015321103,0.006181079,0.016112398,0.01578374,0.13686505,0.04307069,0.14285971,0.0028864606,0.2679123
0.04181715,0.017521316,0.014770608,0.014751096,0.009311949,0.08235972,0.001338183,0.10703579,0.031088365,0.0014350563,0.02064769,0.068389095,0.09656477,0.038109522,0.0068882583,0.035160363
0.08012138,0.23194608,0.062055998,0.0055163386,0.001181775,0.009326117,0.044707112,0.056455016,0.114581876,0.0005353515,0.05718387,0.056660622,0.06660747,0.0066154357,0.36592197,0.080075234
0.0004360225,0.052577954,0.015610615,0.0046169707,0.006636652,0.00040722988,0.01624328,0.10891361,0.032046016,0.1271659,0.073709555,0.005467873,0.012273101,0.0044135526,0.12847842,0.019787945
0.05338858,0.108083755,0.016152123,0.0007409523,0.002618163,0.0017650261,0.0030604883,0.03581333,0.011420915,0.009159825,0.03303714,0.01056214,0.016107703,0.023460526,0.0040539424,0.00072433386
0.031812277,0.027227828,0.05082691,0.021451406,0.06286588,0.014486121,0.05222316,0.18940507,0.006054467,0.0013881482,0.00076217606,0.10584727,0.00019775658,0.04828145,0.044972304,0.14564453
0.021162756,7.739018e-07,0.07100583,0.0067059193,0.004383547,0.018341905,0.017469453,0.017678408,0.008865967,0.011419002,0.22676244,0.00031500243,0.10052045,0.05477225,0.2705575,0.0063333777
0.13346232,0.023718378,0.054590367,0.038349707,0.0070816255,0.014721651,0.052748833,0.04894701,0.04222019,0.013847952,0.0032006835,0.020941926,0.022693614,0.020144947,0.054590367,0.09921473
0.047825675,0.02991229,0.037415642,0.019401103,0.07518032,0.010437069,0.013807311,0.099711694,0.043560334,0.0773476,0.022187397,0.54306287,0.09419544,0.024605287,0.075578064,0.28471985
0.041390132,0.04719539,0.18831189,0.006864214,0.06467217,0.013001966,0.05390694,0.051210966,0.058073778,0.0796394,0.03197704,0.00081977353,0.62950265,0.08028924,0.033024453,0.41663674
0.5030381,0.00022520238,0.00052086945,0.0030649651,0.0053438097,0.29444793,0.0026621728,0.00086744037,0.00103758,0.012877371,0.007299155,0.04077896,0.004506257,0.074749865,0.022192184,0.001148769
0.0011734592,0.0037408115,0.0075478884,0.014850691,0.008430422,0.09273135,0.035865713,0.03699161,0.0033369544,0.00019466477,0.0067683915,0.0033664983,0.00010834351,0.026454683,0.0022376964,0.34017697
0.012504976,0.05929552,0.06759548,0.00067675766,0.012254435,0.0056333714,0.06457178,0.050757222,0.0002203001,0.0077711926,1.7488425,0.0056333714,0.0074501946,6.761866e-07,0.071242616,0.06705151
0.001781652,0.0008730428,0.022676166,0.0007850476,0.0018482764,0.004752856,0.045115836,0.083443,0.068528056,0.050795086,0.008788839,0.012986562,0.022615127,0.0039822957,0.017771794,0.06476853
0.04277574,0.0030894314,0.011733617,3.7516467e-05,0.003463601,0.027543362,0.026888082,0.00018895676,0.0030003383,0.0024555873,0.13716313,0.016444176,0.0027632543,0.108309485,0.008862376,0.20111501
1.6596321e-05,0.0009242145,0.002034528,0.012768,0.0023163005,0.0010384745,0.039204054,0.00062113407,0.0012960111,0.018659793,0.0009747186,0.009763209,0.02450579,0.00026217027,2.6692976e-05,0.0003888615
0.0011794379,0.005022495,0.004332935,0.010925788,0.0014827695,0.013449569,0.00079599424,0.00073684927,0.017530147,0.014311829,0.010509905,0.0065635,0.0782392,0.007496466,0.004046436,0.0032809114
0.002656243,0.012996671,0.000125958,0.0011466589,0.0006475989,0.002032713,0.0069883657,0.012152239,0.013990233,0.00010696144,9.737036e-06,0.008044145,0.0061782263,0.0076577016,0.00048312562,0.0011860707
0.02340524,0.00042126788,0.012244872,0.022362376,0.044973478,0.18047005,0.010958854,3.7341066e-05,0.1856684,0.003276126,0.0018819214,0.09112881,0.01299903,0.0048572198,1.7150816e-05,0.0028774934
0.00095475226,0.00048188126,0.008891714,0.02200236,0.0010898934,0.011500205,1.6217376e-05,0.07138488,2.5859805e-05,0.0004081889,0.0054370794,9.753186e-05,1.1777424e-05,0.0017290597,0.0063760844,0.0067979884
0.112885594,0.0012317143,0.0018182463,0.307683,0.009568425,0.025984747,0.45300892,0.025940213,0.0059874062,0.0011522362,2.3330383e-08,0.25395268,0.0003338854,0.004503325,0.0031917605,0.042180028
0.0042054276,0.06807947,0.2194225,0.0071789715,0.0032852883,0.007508642,0.0016958024,0.0021108778,0.000106764266,0.0034015502,0.06702381,0.00485294,0.0027183257,0.1508801,0.0041209077,0.0025487891
0.022508668,0.00022197106,0.12243051,0.0005148138,0.000727542,0.00019041666,0.029326092,0.19240741,0.0027141022,0.05338283,0.00084177434,6.0010457e-06,0.015547241,0.021998681,0.023171265,0.0015819484
0.8189494,0.026259817,0.013029624,1.0110143,0.026661048,3.7577716e-05,0.015475656,0.019049268,0.00081579585,0.0026726269,0.010243685,0.12213197,0.073687196,0.0017194655,0.021417877,0.013085353
0.10453287,0.005982629,0.025488207,0.014368647,5.6676567e-05,0.009631668,0.015014769,0.025057513,0.0761248,0.048003502,0.5419728,0.044182256,0.042551287,0.07100397,0.012656601,0.016055936
0.017214447,0.101236224,0.7278952,0.009006745,0.00018729897,0.008911238,0.06450868,0.018047247,0.0033673581,0.011714787,0.0044482714,0.024301298,0.1557194,0.0018107696,0.023271302,0.05336234
0.006677351,0.007391311,0.036000505,0.026839532,0.029776385,0.008199681,0.0007713014,0.011864782,0.0031744028,7.155098e-05,0.029101979,7.4941214e-05,0.008870589,0.00017380888,0.0002883521,0.016600523
0.60784936,0.01609032,0.0011797596,0.00091248384,0.48437458,0.1158972,0.0027212303,0.017966837,0.27079427,0.07605246,0.32895046,0.0044716126,1.0938126,0.034898017,0.036849044,0.00047457466
0.20024818,0.091510154,0.035776712,0.00041869882,0.061271377,5.0914183,0.002460501,0.047330532,0.11911038,0.030759806,0.11639367,0.057727583,0.03599314,0.011941079,0.049019974,0.16353548
0.00036210092,0.0778931,0.0126943765,0.01506282,0.1379227,0.44852856,0.0045199124,0.016568923,0.003905314,0.19951387,0.0016594728,0.26456106,0.06490544,10.915546,0.000707824,0.0022506625
0.04910751,0.27356595,0.033092476,0.0037602207,0.0235279,0.093228385,0.27356595,0.0016619229,0.0042476235,0.048097648,0.0016667689,0.013075974,0.0061067087,0.022829587,0.018361982,0.12586418
0.06870377,0.06787543,0.18307443,0.09678849,0.004017906,0.7726425,0.005744966,0.059334867,0.12543236,0.05310192,0.07763943,0.07763943,0.12543236,0.2185548,0.006023018,0.036913455
0.035170466,0.07845735,0.025963267,0.040008374,0.13927492,0.31757462,0.06066013,0.009866267,0.023129562,0.07799496,0.052715052,0.03642656,0.04616921,0.009748157,5.8473843e-06,0.14380904
0.006728552,0.044249486,0.013584467,0.03860744,0.0038526952,0.14337929,0.3067462,0.008794435,0.050923485,0.0015158112,0.00015643885,0.34220606,0.023893125,1.985495,0.03162155,0.16722313
0.021560235,0.002697943,0.0636953,0.00037301044,0.027295591,0.00052613276,0.030043237,0.00031270977,0.08270151,0.0084640365,0.02825308,0.008636757,0.024548087,0.041089278,0.019962061,0.021125035
0.056810543,0.1172592,0.06425072,0.0077212923,0.10816201,0.045148406,0.0319517,0.84345275,0.00070188794,0.00042878822,0.005549417,0.030028734,0.1722586,0.6245444,2.9631112,0.0017154055
0.047362525,0.0031689082,6.8342064e-07,0.07776398,0.063727506,0.0029147996,0.15144607,0.1366212,0.023302566,0.16985233,0.08552733,0.046776123,0.0048175263,0.08253912,7.881643e-06,0.03212798
3.0937197e-06,0.05597117,0.12786427,0.032493923,0.00762186,0.036373056,0.09601401,0.028605213,0.0013676435,0.0011513422,0.01159794,0.007845891,0.009429587,0.0031004308,0.010292425,0.0018377098
